Learning Rate,Weight Decay,Epoch,Train Loss,Train RMSE,Val Loss,Val RMSE
0.0001,1e-06,0,877.1781810863598,"tensor(29.6172, dtype=torch.float64)",951.610722941737,tensor(30.8482)
0.0001,1e-06,1,802.99820028769,"tensor(28.3372, dtype=torch.float64)",750.809198933263,tensor(27.4009)
0.0001,1e-06,2,721.9972811312289,"tensor(26.8700, dtype=torch.float64)",659.354471514302,tensor(25.6779)
0.0001,1e-06,3,633.5246356861012,"tensor(25.1699, dtype=torch.float64)",573.2957505256899,tensor(23.9436)
0.0001,1e-06,4,540.5978385306694,"tensor(23.2508, dtype=torch.float64)",410.6993216237714,tensor(20.2657)
0.0001,1e-06,5,445.68164194467903,"tensor(21.1112, dtype=torch.float64)",315.2021579127158,tensor(17.7539)
0.0001,1e-06,6,354.68465605039853,"tensor(18.8331, dtype=torch.float64)",270.45384782360446,tensor(16.4455)
0.0001,1e-06,7,270.61831815564955,"tensor(16.4505, dtype=torch.float64)",228.65853894141412,tensor(15.1215)
0.0001,1e-06,8,196.12563808544263,"tensor(14.0045, dtype=torch.float64)",304.8115166694887,tensor(17.4589)
0.0001,1e-06,9,131.38031336810138,"tensor(11.4621, dtype=torch.float64)",118.54063680095058,tensor(10.8876)
0.0001,1e-06,10,83.15269289274474,"tensor(9.1188, dtype=torch.float64)",60.18601365243235,tensor(7.7580)
0.0001,1e-06,11,47.637211959426466,"tensor(6.9020, dtype=torch.float64)",62.34513048971853,tensor(7.8959)
0.0001,1e-06,12,29.579897450112007,"tensor(5.4387, dtype=torch.float64)",19.294905908646122,tensor(4.3926)
0.0001,1e-06,13,22.92408083065136,"tensor(4.7879, dtype=torch.float64)",21.400890707969666,tensor(4.6261)
0.0001,1e-06,14,21.070656309901057,"tensor(4.5903, dtype=torch.float64)",35.99327709597926,tensor(5.9994)
0.0001,1e-06,15,20.15065845154427,"tensor(4.4889, dtype=torch.float64)",17.411019875157265,tensor(4.1727)
0.0001,1e-06,16,19.6905848193813,"tensor(4.4374, dtype=torch.float64)",19.566954501213566,tensor(4.4235)
0.0001,1e-06,17,17.916074596868977,"tensor(4.2327, dtype=torch.float64)",14.409368530396492,tensor(3.7960)
0.0001,1e-06,18,17.845028105297605,"tensor(4.2243, dtype=torch.float64)",21.932641010130606,tensor(4.6832)
0.0001,1e-06,19,17.37324976276707,"tensor(4.1681, dtype=torch.float64)",16.033012099804417,tensor(4.0041)
0.0001,1e-06,20,17.720518208838797,"tensor(4.2096, dtype=torch.float64)",23.05088766928642,tensor(4.8011)
0.0001,1e-06,21,17.007603334736178,"tensor(4.1240, dtype=torch.float64)",37.38797217799771,tensor(6.1146)
0.0001,1e-06,22,17.112016806731354,"tensor(4.1367, dtype=torch.float64)",24.228765868371532,tensor(4.9223)
0.0001,1e-06,23,16.805307626724243,"tensor(4.0994, dtype=torch.float64)",35.827430678952126,tensor(5.9856)
0.0001,1e-06,24,16.300460289620066,"tensor(4.0374, dtype=torch.float64)",25.026085515176096,tensor(5.0026)
0.0001,1e-06,25,16.037470505688642,"tensor(4.0047, dtype=torch.float64)",33.133261911330685,tensor(5.7561)
0.0001,1e-06,26,15.626082336580431,"tensor(3.9530, dtype=torch.float64)",17.81877424255494,tensor(4.2212)
0.0001,1e-06,27,15.674844192814183,"tensor(3.9591, dtype=torch.float64)",78.2638334766511,tensor(8.8467)
0.0001,1e-06,28,15.487455317780778,"tensor(3.9354, dtype=torch.float64)",24.798608341524677,tensor(4.9798)
0.0001,1e-06,29,15.49634058153307,"tensor(3.9365, dtype=torch.float64)",36.52425350681428,tensor(6.0435)
0.0001,1e-06,30,15.259081007983234,"tensor(3.9063, dtype=torch.float64)",30.512251588606066,tensor(5.5238)
0.0001,1e-06,31,14.762446098069887,"tensor(3.8422, dtype=torch.float64)",30.55634727016572,tensor(5.5278)
0.0001,1e-06,32,14.448104397670642,"tensor(3.8011, dtype=torch.float64)",40.36853967174407,tensor(6.3536)
0.0001,1e-06,33,14.440320966050432,"tensor(3.8000, dtype=torch.float64)",16.516164348971458,tensor(4.0640)
0.0001,1e-06,34,14.909493171846544,"tensor(3.8613, dtype=torch.float64)",25.637625209746822,tensor(5.0634)
0.0001,1e-06,35,14.366975973747872,"tensor(3.7904, dtype=torch.float64)",16.20897388458252,tensor(4.0260)
0.0001,1e-06,36,14.18438607679831,"tensor(3.7662, dtype=torch.float64)",26.085251250574665,tensor(5.1074)
0.0001,1e-06,37,14.323060203242946,"tensor(3.7846, dtype=torch.float64)",28.588045508630813,tensor(5.3468)
0.0001,1e-06,38,14.012139419607214,"tensor(3.7433, dtype=torch.float64)",23.536377064643368,tensor(4.8514)
0.0001,1e-06,39,13.507462420334686,"tensor(3.6752, dtype=torch.float64)",64.90786590883809,tensor(8.0565)
0.0001,1e-06,40,13.757363883869068,"tensor(3.7091, dtype=torch.float64)",96.81349760486233,tensor(9.8394)
0.0001,1e-06,41,13.868262894089158,"tensor(3.7240, dtype=torch.float64)",28.672048849444234,tensor(5.3546)
0.0001,1e-06,42,13.914097386437493,"tensor(3.7302, dtype=torch.float64)",78.1811028757403,tensor(8.8420)
0.0001,1e-06,43,13.32471403431248,"tensor(3.6503, dtype=torch.float64)",31.148371850290605,tensor(5.5811)
0.0001,1e-06,44,13.720318926991643,"tensor(3.7041, dtype=torch.float64)",24.57260347181751,tensor(4.9571)
0.0001,1e-06,45,13.20600083711985,"tensor(3.6340, dtype=torch.float64)",38.092367279914114,tensor(6.1719)
0.0001,1e-06,46,13.457678806459581,"tensor(3.6685, dtype=torch.float64)",16.395947890896952,tensor(4.0492)
0.0001,1e-06,47,13.27142261427802,"tensor(3.6430, dtype=torch.float64)",210.47710923225648,tensor(14.5078)
0.0001,1e-06,48,12.846009294406787,"tensor(3.5841, dtype=torch.float64)",34.26396939062303,tensor(5.8535)
0.0001,1e-06,49,12.556581864485869,"tensor(3.5435, dtype=torch.float64)",68.27670435751638,tensor(8.2630)
0.0001,1e-05,0,13.766256872383323,"tensor(3.7103, dtype=torch.float64)",21.604868150526478,tensor(4.6481)
0.0001,1e-05,1,12.624686349404826,"tensor(3.5531, dtype=torch.float64)",23.44689196155917,tensor(4.8422)
0.0001,1e-05,2,12.473030269468152,"tensor(3.5317, dtype=torch.float64)",16.56441403204395,tensor(4.0699)
0.0001,1e-05,3,12.718557539501706,"tensor(3.5663, dtype=torch.float64)",15.504588817396472,tensor(3.9376)
0.0001,1e-05,4,12.631535804593886,"tensor(3.5541, dtype=torch.float64)",19.859219535704582,tensor(4.4564)
0.0001,1e-05,5,11.982748540672096,"tensor(3.4616, dtype=torch.float64)",22.580344850017177,tensor(4.7519)
0.0001,1e-05,6,11.694808858794135,"tensor(3.4198, dtype=torch.float64)",20.259625111856767,tensor(4.5011)
0.0001,1e-05,7,11.592619426830394,"tensor(3.4048, dtype=torch.float64)",30.33158674547749,tensor(5.5074)
0.0001,1e-05,8,11.48134853388812,"tensor(3.3884, dtype=torch.float64)",20.97798245568429,tensor(4.5802)
0.0001,1e-05,9,11.665111897442792,"tensor(3.4154, dtype=torch.float64)",18.12170740481346,tensor(4.2570)
0.0001,1e-05,10,11.450680670867095,"tensor(3.3839, dtype=torch.float64)",17.227482849551784,tensor(4.1506)
0.0001,1e-05,11,10.880119104643125,"tensor(3.2985, dtype=torch.float64)",22.918137081207767,tensor(4.7873)
0.0001,1e-05,12,11.095276712726902,"tensor(3.3310, dtype=torch.float64)",26.89575832889926,tensor(5.1861)
0.0001,1e-05,13,10.528293554847306,"tensor(3.2447, dtype=torch.float64)",22.01826589338241,tensor(4.6924)
0.0001,1e-05,14,10.739176219218486,"tensor(3.2771, dtype=torch.float64)",25.25400972750879,tensor(5.0253)
0.0001,1e-05,15,10.372363772263398,"tensor(3.2206, dtype=torch.float64)",24.309241529433958,tensor(4.9304)
0.0001,1e-05,16,10.004317435058388,"tensor(3.1630, dtype=torch.float64)",23.126870093807096,tensor(4.8090)
0.0001,1e-05,17,10.344853209804844,"tensor(3.2163, dtype=torch.float64)",53.5004629319714,tensor(7.3144)
0.0001,1e-05,18,9.861167099024799,"tensor(3.1402, dtype=torch.float64)",30.68689268635165,tensor(5.5396)
0.0001,1e-05,19,9.632182298479853,"tensor(3.1036, dtype=torch.float64)",20.249263444254474,tensor(4.4999)
0.0001,1e-05,20,9.451001591295809,"tensor(3.0742, dtype=torch.float64)",21.37907556949123,tensor(4.6238)
0.0001,1e-05,21,9.24309266064618,"tensor(3.0402, dtype=torch.float64)",28.050015776388108,tensor(5.2962)
0.0001,1e-05,22,9.237130395786183,"tensor(3.0393, dtype=torch.float64)",19.269394186235242,tensor(4.3897)
0.0001,1e-05,23,9.055629330712396,"tensor(3.0093, dtype=torch.float64)",21.635544938425863,tensor(4.6514)
0.0001,1e-05,24,8.847526829951518,"tensor(2.9745, dtype=torch.float64)",41.53182520404939,tensor(6.4445)
0.0001,1e-05,25,9.075517757518872,"tensor(3.0126, dtype=torch.float64)",22.386828649428583,tensor(4.7315)
0.0001,1e-05,26,8.583702630610079,"tensor(2.9298, dtype=torch.float64)",35.86833950781053,tensor(5.9890)
0.0001,1e-05,27,8.26520174387339,"tensor(2.8749, dtype=torch.float64)",31.854836110145815,tensor(5.6440)
0.0001,1e-05,28,8.129054180995839,"tensor(2.8511, dtype=torch.float64)",24.3482973383319,tensor(4.9344)
0.0001,1e-05,29,8.065009284663844,"tensor(2.8399, dtype=torch.float64)",40.2813140038521,tensor(6.3468)
0.0001,1e-05,30,7.815175029393789,"tensor(2.7956, dtype=torch.float64)",19.21059315819894,tensor(4.3830)
0.0001,1e-05,31,7.895737083538158,"tensor(2.8099, dtype=torch.float64)",53.67764020735218,tensor(7.3265)
0.0001,1e-05,32,7.9207643463804915,"tensor(2.8144, dtype=torch.float64)",24.876468466174217,tensor(4.9876)
0.0001,1e-05,33,7.592528832280958,"tensor(2.7555, dtype=torch.float64)",31.810720593698562,tensor(5.6401)
0.0001,1e-05,34,7.513679231179727,"tensor(2.7411, dtype=torch.float64)",22.161421191307806,tensor(4.7076)
0.0001,1e-05,35,7.426926619942124,"tensor(2.7252, dtype=torch.float64)",25.887161347173876,tensor(5.0879)
0.0001,1e-05,36,7.051700465743606,"tensor(2.6555, dtype=torch.float64)",17.075302224005423,tensor(4.1322)
0.0001,1e-05,37,7.1109794197855765,"tensor(2.6666, dtype=torch.float64)",32.03720909549344,tensor(5.6601)
0.0001,1e-05,38,6.983094977043771,"tensor(2.6426, dtype=torch.float64)",54.3755069240447,tensor(7.3740)
0.0001,1e-05,39,6.932987490860191,"tensor(2.6331, dtype=torch.float64)",29.601294617499075,tensor(5.4407)
0.0001,1e-05,40,7.215942197877007,"tensor(2.6863, dtype=torch.float64)",18.5907130049121,tensor(4.3117)
0.0001,1e-05,41,6.608062119741698,"tensor(2.5706, dtype=torch.float64)",23.210132368149296,tensor(4.8177)
0.0001,1e-05,42,6.660176279093768,"tensor(2.5807, dtype=torch.float64)",21.52847421169281,tensor(4.6399)
0.0001,1e-05,43,6.615098303717536,"tensor(2.5720, dtype=torch.float64)",22.339621009365207,tensor(4.7265)
0.0001,1e-05,44,6.45957018040322,"tensor(2.5416, dtype=torch.float64)",16.222104214852855,tensor(4.0277)
0.0001,1e-05,45,6.2993977089185975,"tensor(2.5099, dtype=torch.float64)",41.18171598065284,tensor(6.4173)
0.0001,1e-05,46,6.295566736040889,"tensor(2.5091, dtype=torch.float64)",26.209526285048454,tensor(5.1195)
0.0001,1e-05,47,6.03117861361117,"tensor(2.4558, dtype=torch.float64)",18.944675407102032,tensor(4.3525)
0.0001,1e-05,48,6.150786058967178,"tensor(2.4801, dtype=torch.float64)",20.534371775965536,tensor(4.5315)
0.0001,1e-05,49,6.100002286240861,"tensor(2.4698, dtype=torch.float64)",29.30748664948248,tensor(5.4136)
0.0001,0.0001,0,6.81641365772969,"tensor(2.6108, dtype=torch.float64)",40.17749561417487,tensor(6.3386)
0.0001,0.0001,1,6.073689870576601,"tensor(2.4645, dtype=torch.float64)",33.230411860250655,tensor(5.7646)
0.0001,0.0001,2,5.893265640413439,"tensor(2.4276, dtype=torch.float64)",21.961296146915807,tensor(4.6863)
0.0001,0.0001,3,5.745069780220857,"tensor(2.3969, dtype=torch.float64)",19.858562619455398,tensor(4.4563)
0.0001,0.0001,4,5.730840441987321,"tensor(2.3939, dtype=torch.float64)",19.905238409196176,tensor(4.4615)
0.0001,0.0001,5,5.693257980733304,"tensor(2.3861, dtype=torch.float64)",17.09263962699521,tensor(4.1343)
0.0001,0.0001,6,5.423809186187951,"tensor(2.3289, dtype=torch.float64)",20.59313856401751,tensor(4.5380)
0.0001,0.0001,7,5.266683057836584,"tensor(2.2949, dtype=torch.float64)",15.179160479576357,tensor(3.8960)
0.0001,0.0001,8,5.373350891551456,"tensor(2.3180, dtype=torch.float64)",22.632862114137218,tensor(4.7574)
0.0001,0.0001,9,5.227428665032258,"tensor(2.2864, dtype=torch.float64)",33.731589947977376,tensor(5.8079)
0.0001,0.0001,10,5.180593704532932,"tensor(2.2761, dtype=torch.float64)",45.04837236865874,tensor(6.7118)
0.0001,0.0001,11,5.234508997040826,"tensor(2.2879, dtype=torch.float64)",23.071572503735943,tensor(4.8033)
0.0001,0.0001,12,4.96102173521712,"tensor(2.2273, dtype=torch.float64)",30.74561212908837,tensor(5.5449)
0.0001,0.0001,13,5.0951076526899595,"tensor(2.2572, dtype=torch.float64)",43.07581979228604,tensor(6.5632)
0.0001,0.0001,14,5.020970210513553,"tensor(2.2408, dtype=torch.float64)",25.40892938644655,tensor(5.0407)
0.0001,0.0001,15,4.910412307687708,"tensor(2.2159, dtype=torch.float64)",23.584473275369213,tensor(4.8564)
0.0001,0.0001,16,4.752119206093453,"tensor(2.1799, dtype=torch.float64)",17.480281918279587,tensor(4.1809)
0.0001,0.0001,17,5.187822252995259,"tensor(2.2777, dtype=torch.float64)",18.022251867478893,tensor(4.2453)
0.0001,0.0001,18,4.827934685913292,"tensor(2.1973, dtype=torch.float64)",17.439436235735492,tensor(4.1761)
0.0001,0.0001,19,4.66860371860298,"tensor(2.1607, dtype=torch.float64)",22.828040490227362,tensor(4.7779)
0.0001,0.0001,20,4.7619686655096105,"tensor(2.1822, dtype=torch.float64)",21.42886991654673,tensor(4.6291)
0.0001,0.0001,21,4.73061243714513,"tensor(2.1750, dtype=torch.float64)",26.25417762417947,tensor(5.1239)
0.0001,0.0001,22,4.520700975366541,"tensor(2.1262, dtype=torch.float64)",25.387354481604792,tensor(5.0386)
0.0001,0.0001,23,4.350029159236598,"tensor(2.0857, dtype=torch.float64)",15.479300443203218,tensor(3.9344)
0.0001,0.0001,24,4.425042577047606,"tensor(2.1036, dtype=torch.float64)",29.029080502448544,tensor(5.3879)
0.0001,0.0001,25,4.489760125005567,"tensor(2.1189, dtype=torch.float64)",27.289171834145822,tensor(5.2239)
0.0001,0.0001,26,4.345513474619066,"tensor(2.0846, dtype=torch.float64)",21.86860812863996,tensor(4.6764)
0.0001,0.0001,27,4.399763653729413,"tensor(2.0976, dtype=torch.float64)",65.6543397749624,tensor(8.1027)
0.0001,0.0001,28,4.3000694158914925,"tensor(2.0737, dtype=torch.float64)",21.030583427798362,tensor(4.5859)
0.0001,0.0001,29,4.248360419917751,"tensor(2.0612, dtype=torch.float64)",28.719731653890303,tensor(5.3591)
0.0001,0.0001,30,4.050974103566762,"tensor(2.0127, dtype=torch.float64)",20.375272404763006,tensor(4.5139)
0.0001,0.0001,31,4.084099047892803,"tensor(2.0209, dtype=torch.float64)",26.420213345558412,tensor(5.1401)
0.0001,0.0001,32,4.043740270588849,"tensor(2.0109, dtype=torch.float64)",22.190134183053047,tensor(4.7106)
0.0001,0.0001,33,4.094635676371085,"tensor(2.0235, dtype=torch.float64)",44.66033740197459,tensor(6.6828)
0.0001,0.0001,34,3.8991712264112524,"tensor(1.9746, dtype=torch.float64)",47.03636025613354,tensor(6.8583)
0.0001,0.0001,35,3.8611905310605024,"tensor(1.9650, dtype=torch.float64)",19.880460916026944,tensor(4.4588)
0.0001,0.0001,36,3.8995639101879016,"tensor(1.9747, dtype=torch.float64)",26.234764337539673,tensor(5.1220)
0.0001,0.0001,37,3.7577139007078633,"tensor(1.9385, dtype=torch.float64)",31.01355896457549,tensor(5.5690)
0.0001,0.0001,38,3.791294551217878,"tensor(1.9471, dtype=torch.float64)",62.95369997332173,tensor(7.9343)
0.0001,0.0001,39,3.762221808046908,"tensor(1.9396, dtype=torch.float64)",19.909021300654256,tensor(4.4620)
0.0001,0.0001,40,3.943133634812123,"tensor(1.9857, dtype=torch.float64)",22.008250832557678,tensor(4.6913)
0.0001,0.0001,41,3.6207214890299615,"tensor(1.9028, dtype=torch.float64)",18.032836291097826,tensor(4.2465)
0.0001,0.0001,42,3.6422768080556716,"tensor(1.9085, dtype=torch.float64)",18.323680131666123,tensor(4.2806)
0.0001,0.0001,43,3.611508148103147,"tensor(1.9004, dtype=torch.float64)",21.563058703176438,tensor(4.6436)
0.0001,0.0001,44,3.468922972034764,"tensor(1.8625, dtype=torch.float64)",21.70888382004153,tensor(4.6593)
0.0001,0.0001,45,3.6124539336642703,"tensor(1.9006, dtype=torch.float64)",57.34915920226805,tensor(7.5729)
0.0001,0.0001,46,3.4319742995339473,"tensor(1.8526, dtype=torch.float64)",17.68815229785058,tensor(4.2057)
0.0001,0.0001,47,3.4034528896615313,"tensor(1.8448, dtype=torch.float64)",19.93438749928628,tensor(4.4648)
0.0001,0.0001,48,3.392947080973032,"tensor(1.8420, dtype=torch.float64)",18.553558468818665,tensor(4.3074)
0.0001,0.0001,49,3.504493884460346,"tensor(1.8720, dtype=torch.float64)",24.59895304326088,tensor(4.9597)
0.0001,0.001,0,3.97307402024398,"tensor(1.9933, dtype=torch.float64)",15.989245760825373,tensor(3.9987)
0.0001,0.001,1,3.3157837629318236,"tensor(1.8209, dtype=torch.float64)",18.022641439591684,tensor(4.2453)
0.0001,0.001,2,3.373775057857101,"tensor(1.8368, dtype=torch.float64)",29.57059628732743,tensor(5.4379)
0.0001,0.001,3,3.317221354793858,"tensor(1.8213, dtype=torch.float64)",24.85594872120888,tensor(4.9856)
0.0001,0.001,4,3.1978916616053197,"tensor(1.7883, dtype=torch.float64)",23.463773735107914,tensor(4.8439)
0.0001,0.001,5,3.2496179690232148,"tensor(1.8027, dtype=torch.float64)",32.33502929056844,tensor(5.6864)
0.0001,0.001,6,3.227912096719484,"tensor(1.7966, dtype=torch.float64)",26.067346572875977,tensor(5.1056)
0.0001,0.001,7,3.1825406454704903,"tensor(1.7840, dtype=torch.float64)",25.14864388588936,tensor(5.0148)
0.0001,0.001,8,3.139683342946542,"tensor(1.7719, dtype=torch.float64)",23.124662730001635,tensor(4.8088)
0.0001,0.001,9,3.0896846468384203,"tensor(1.7577, dtype=torch.float64)",16.984029146932787,tensor(4.1212)
0.0001,0.001,10,3.0450372782913413,"tensor(1.7450, dtype=torch.float64)",17.823213973352985,tensor(4.2218)
0.0001,0.001,11,3.089752233350599,"tensor(1.7578, dtype=torch.float64)",18.96285052453318,tensor(4.3546)
0.0001,0.001,12,3.162294775730855,"tensor(1.7783, dtype=torch.float64)",21.112586529024185,tensor(4.5948)
0.0001,0.001,13,3.037437541098208,"tensor(1.7428, dtype=torch.float64)",20.496832528421955,tensor(4.5273)
0.0001,0.001,14,2.9368029581533897,"tensor(1.7137, dtype=torch.float64)",28.692660458626285,tensor(5.3566)
0.0001,0.001,15,3.1121590421006484,"tensor(1.7641, dtype=torch.float64)",26.157134209909746,tensor(5.1144)
0.0001,0.001,16,2.9468036661276944,"tensor(1.7166, dtype=torch.float64)",67.60873977599606,tensor(8.2225)
0.0001,0.001,17,3.167293264092626,"tensor(1.7797, dtype=torch.float64)",19.129944801330566,tensor(4.3738)
0.0001,0.001,18,2.899101287609822,"tensor(1.7027, dtype=torch.float64)",19.313276306275398,tensor(4.3947)
0.0001,0.001,19,2.915075096568546,"tensor(1.7074, dtype=torch.float64)",24.748439119708152,tensor(4.9748)
0.0001,0.001,20,2.898764183392396,"tensor(1.7026, dtype=torch.float64)",18.07671167004493,tensor(4.2517)
0.0001,0.001,21,2.8946897178082853,"tensor(1.7014, dtype=torch.float64)",15.537863716002434,tensor(3.9418)
0.0001,0.001,22,2.8448153747094644,"tensor(1.6867, dtype=torch.float64)",31.80798819757277,tensor(5.6399)
0.0001,0.001,23,2.828615542360254,"tensor(1.6818, dtype=torch.float64)",40.66704323214869,tensor(6.3771)
0.0001,0.001,24,2.901566182278298,"tensor(1.7034, dtype=torch.float64)",15.183408194972623,tensor(3.8966)
0.0001,0.001,25,2.7798116197457183,"tensor(1.6673, dtype=torch.float64)",32.46434069448902,tensor(5.6977)
0.0001,0.001,26,2.762219856558619,"tensor(1.6620, dtype=torch.float64)",65.17859752716556,tensor(8.0733)
0.0001,0.001,27,2.8094978374403876,"tensor(1.6762, dtype=torch.float64)",22.410374502981863,tensor(4.7340)
0.0001,0.001,28,2.8095192071553825,"tensor(1.6762, dtype=torch.float64)",19.40045972024241,tensor(4.4046)
0.0001,0.001,29,2.753879487514496,"tensor(1.6595, dtype=torch.float64)",20.876044427194902,tensor(4.5690)
0.0001,0.001,30,2.6884580947257377,"tensor(1.6397, dtype=torch.float64)",17.91972582955514,tensor(4.2332)
0.0001,0.001,31,2.670299985279908,"tensor(1.6341, dtype=torch.float64)",30.688835574734597,tensor(5.5398)
0.0001,0.001,32,2.7316920895834227,"tensor(1.6528, dtype=torch.float64)",16.693087450919613,tensor(4.0857)
0.0001,0.001,33,2.6090266501581345,"tensor(1.6152, dtype=torch.float64)",16.90798646211624,tensor(4.1119)
0.0001,0.001,34,2.6416566735989337,"tensor(1.6253, dtype=torch.float64)",19.630653800502902,tensor(4.4306)
0.0001,0.001,35,2.684773420643162,"tensor(1.6385, dtype=torch.float64)",22.70108479069125,tensor(4.7646)
0.0001,0.001,36,2.6411652606886786,"tensor(1.6252, dtype=torch.float64)",19.642677503247416,tensor(4.4320)
0.0001,0.001,37,2.7984197710011456,"tensor(1.6728, dtype=torch.float64)",36.554236719685214,tensor(6.0460)
0.0001,0.001,38,2.613569343734432,"tensor(1.6167, dtype=torch.float64)",20.211516522592113,tensor(4.4957)
0.0001,0.001,39,2.6001998611398647,"tensor(1.6125, dtype=torch.float64)",17.54123592761255,tensor(4.1882)
0.0001,0.001,40,2.6242081832241366,"tensor(1.6199, dtype=torch.float64)",19.581314952142776,tensor(4.4251)
0.0001,0.001,41,2.4610825960700575,"tensor(1.5688, dtype=torch.float64)",16.65023866007405,tensor(4.0805)
0.0001,0.001,42,2.5253733506073823,"tensor(1.5891, dtype=torch.float64)",17.2784888475172,tensor(4.1567)
0.0001,0.001,43,2.5273033486830223,"tensor(1.5897, dtype=torch.float64)",28.61753067662639,tensor(5.3495)
0.0001,0.001,44,2.468773293172991,"tensor(1.5712, dtype=torch.float64)",28.67153792227468,tensor(5.3546)
0.0001,0.001,45,2.4797231219910287,"tensor(1.5747, dtype=torch.float64)",22.091227585269557,tensor(4.7001)
0.0001,0.001,46,2.4302479724626282,"tensor(1.5589, dtype=torch.float64)",28.000008736887285,tensor(5.2915)
0.0001,0.001,47,2.5217643676577386,"tensor(1.5880, dtype=torch.float64)",17.48734712216162,tensor(4.1818)
0.0001,0.001,48,2.427336248191627,"tensor(1.5580, dtype=torch.float64)",18.95954039019923,tensor(4.3543)
0.0001,0.001,49,2.3370349613395898,"tensor(1.5287, dtype=torch.float64)",16.750979338922807,tensor(4.0928)
0.001,1e-06,0,45.21633743563214,"tensor(6.7243, dtype=torch.float64)",96.61809358289165,tensor(9.8295)
0.001,1e-06,1,34.8948606310664,"tensor(5.9072, dtype=torch.float64)",53.81352507683538,tensor(7.3358)
0.001,1e-06,2,30.350684047389674,"tensor(5.5091, dtype=torch.float64)",82.95617629635719,tensor(9.1080)
0.001,1e-06,3,26.338364023775668,"tensor(5.1321, dtype=torch.float64)",31.221402029837332,tensor(5.5876)
0.001,1e-06,4,24.2402030596862,"tensor(4.9234, dtype=torch.float64)",40.77253392434889,tensor(6.3853)
0.001,1e-06,5,22.506352152695527,"tensor(4.7441, dtype=torch.float64)",37.32164722104226,tensor(6.1091)
0.001,1e-06,6,22.94251205598986,"tensor(4.7898, dtype=torch.float64)",63.0000558207112,tensor(7.9373)
0.001,1e-06,7,20.919572484815443,"tensor(4.5738, dtype=torch.float64)",48.02059450457173,tensor(6.9297)
0.001,1e-06,8,20.76925609562848,"tensor(4.5573, dtype=torch.float64)",81.10692967137983,tensor(9.0059)
0.001,1e-06,9,20.266394803330705,"tensor(4.5018, dtype=torch.float64)",68.28858280181885,tensor(8.2637)
0.001,1e-06,10,20.05079387716345,"tensor(4.4778, dtype=torch.float64)",31.029249779639706,tensor(5.5704)
0.001,1e-06,11,19.205823295180863,"tensor(4.3824, dtype=torch.float64)",36.008708192456155,tensor(6.0007)
0.001,1e-06,12,18.670356318757342,"tensor(4.3209, dtype=torch.float64)",19.43009247702937,tensor(4.4080)
0.001,1e-06,13,18.421296872319402,"tensor(4.2920, dtype=torch.float64)",19.657191738005608,tensor(4.4336)
0.001,1e-06,14,18.092377406197624,"tensor(4.2535, dtype=torch.float64)",18.185804094037703,tensor(4.2645)
0.001,1e-06,15,18.31557837563592,"tensor(4.2797, dtype=torch.float64)",60.362159390603345,tensor(7.7693)
0.001,1e-06,16,17.43892737337061,"tensor(4.1760, dtype=torch.float64)",65.25442580253848,tensor(8.0780)
0.001,1e-06,17,18.08189995997661,"tensor(4.2523, dtype=torch.float64)",24.41007754110521,tensor(4.9407)
0.001,1e-06,18,17.022315190289472,"tensor(4.1258, dtype=torch.float64)",26.521331341035904,tensor(5.1499)
0.001,1e-06,19,17.197376457420557,"tensor(4.1470, dtype=torch.float64)",28.927043114939043,tensor(5.3784)
0.001,1e-06,20,16.444169665671684,"tensor(4.0551, dtype=torch.float64)",27.386094531705304,tensor(5.2332)
0.001,1e-06,21,16.715842016323194,"tensor(4.0885, dtype=torch.float64)",32.424602670054284,tensor(5.6943)
0.001,1e-06,22,16.30306558351259,"tensor(4.0377, dtype=torch.float64)",15.55150608478054,tensor(3.9435)
0.001,1e-06,23,16.077041299923046,"tensor(4.0096, dtype=torch.float64)",17.039566855276785,tensor(4.1279)
0.001,1e-06,24,16.166735457085274,"tensor(4.0208, dtype=torch.float64)",17.523510144602866,tensor(4.1861)
0.001,1e-06,25,15.973082945797895,"tensor(3.9966, dtype=torch.float64)",19.610001071806877,tensor(4.4283)
0.001,1e-06,26,16.02051172127595,"tensor(4.0026, dtype=torch.float64)",21.903855516064553,tensor(4.6802)
0.001,1e-06,27,15.86115605380084,"tensor(3.9826, dtype=torch.float64)",35.18307803523156,tensor(5.9315)
0.001,1e-06,28,15.383677351152574,"tensor(3.9222, dtype=torch.float64)",22.14403156311281,tensor(4.7057)
0.001,1e-06,29,15.326132349065832,"tensor(3.9149, dtype=torch.float64)",66.64219771662066,tensor(8.1635)
0.001,1e-06,30,14.890699827348863,"tensor(3.8588, dtype=torch.float64)",32.32111184058651,tensor(5.6852)
0.001,1e-06,31,15.191072244901914,"tensor(3.8976, dtype=torch.float64)",156.9254495866837,tensor(12.5270)
0.001,1e-06,32,14.794312062134614,"tensor(3.8463, dtype=torch.float64)",25.02713728720142,tensor(5.0027)
0.001,1e-06,33,14.98051321893125,"tensor(3.8705, dtype=torch.float64)",50.1969594493989,tensor(7.0850)
0.001,1e-06,34,14.561225044405138,"tensor(3.8159, dtype=torch.float64)",79.64477773635618,tensor(8.9244)
0.001,1e-06,35,14.87043890824189,"tensor(3.8562, dtype=torch.float64)",14.59122524530657,tensor(3.8198)
0.001,1e-06,36,14.610956318314011,"tensor(3.8224, dtype=torch.float64)",20.996935644457416,tensor(4.5822)
0.001,1e-06,37,14.297924699010077,"tensor(3.7813, dtype=torch.float64)",63.34373383368215,tensor(7.9589)
0.001,1e-06,38,13.982114246729259,"tensor(3.7393, dtype=torch.float64)",67.23359704017639,tensor(8.1996)
0.001,1e-06,39,13.943022815601246,"tensor(3.7340, dtype=torch.float64)",31.445953730613954,tensor(5.6077)
0.001,1e-06,40,14.255852872616536,"tensor(3.7757, dtype=torch.float64)",30.4820810825594,tensor(5.5211)
0.001,1e-06,41,13.796431470561672,"tensor(3.7144, dtype=torch.float64)",46.29306794751075,tensor(6.8039)
0.001,1e-06,42,13.525913317139084,"tensor(3.6778, dtype=torch.float64)",83.08098440785562,tensor(9.1149)
0.001,1e-06,43,13.49269990405521,"tensor(3.6732, dtype=torch.float64)",53.27606316535704,tensor(7.2990)
0.001,1e-06,44,13.789561595143498,"tensor(3.7134, dtype=torch.float64)",21.4810699032199,tensor(4.6348)
0.001,1e-06,45,13.774330972980808,"tensor(3.7114, dtype=torch.float64)",42.540491050289525,tensor(6.5223)
0.001,1e-06,46,13.434612833487021,"tensor(3.6653, dtype=torch.float64)",49.46851479622625,tensor(7.0334)
0.001,1e-06,47,13.47478352237392,"tensor(3.6708, dtype=torch.float64)",17.11005267789287,tensor(4.1364)
0.001,1e-06,48,12.827176260303807,"tensor(3.5815, dtype=torch.float64)",23.740202776847347,tensor(4.8724)
0.001,1e-06,49,13.105375821525985,"tensor(3.6201, dtype=torch.float64)",54.778731807585686,tensor(7.4013)
0.001,1e-05,0,14.535357318053375,"tensor(3.8125, dtype=torch.float64)",24.123684452426048,tensor(4.9116)
0.001,1e-05,1,12.849929640744184,"tensor(3.5847, dtype=torch.float64)",76.31827431340372,tensor(8.7360)
0.001,1e-05,2,12.820390198681805,"tensor(3.5806, dtype=torch.float64)",28.042443406197332,tensor(5.2955)
0.001,1e-05,3,12.769232717720238,"tensor(3.5734, dtype=torch.float64)",23.79443476277013,tensor(4.8780)
0.001,1e-05,4,12.32317345206802,"tensor(3.5104, dtype=torch.float64)",41.542160995544926,tensor(6.4453)
0.001,1e-05,5,12.428692061836655,"tensor(3.5254, dtype=torch.float64)",52.31441014043747,tensor(7.2329)
0.001,1e-05,6,12.457471335900797,"tensor(3.5295, dtype=torch.float64)",38.053603126156716,tensor(6.1688)
0.001,1e-05,7,12.862459483017792,"tensor(3.5864, dtype=torch.float64)",32.757671809965565,tensor(5.7234)
0.001,1e-05,8,11.757704875275895,"tensor(3.4290, dtype=torch.float64)",30.883039828269713,tensor(5.5573)
0.001,1e-05,9,11.678016152897397,"tensor(3.4173, dtype=torch.float64)",24.508662246888683,tensor(4.9506)
0.001,1e-05,10,11.673757439690668,"tensor(3.4167, dtype=torch.float64)",27.9446799601278,tensor(5.2863)
0.001,1e-05,11,11.729731524957193,"tensor(3.4249, dtype=torch.float64)",30.914802605105983,tensor(5.5601)
0.001,1e-05,12,11.776586113749323,"tensor(3.4317, dtype=torch.float64)",168.867462958059,tensor(12.9949)
0.001,1e-05,13,11.49169655361691,"tensor(3.3899, dtype=torch.float64)",53.07526464616099,tensor(7.2853)
0.001,1e-05,14,11.043138728270659,"tensor(3.3231, dtype=torch.float64)",24.642849783743582,tensor(4.9642)
0.001,1e-05,15,10.982291153314952,"tensor(3.3140, dtype=torch.float64)",19.452579371390804,tensor(4.4105)
0.001,1e-05,16,10.825902281580744,"tensor(3.2903, dtype=torch.float64)",18.04664303794984,tensor(4.2481)
0.001,1e-05,17,10.87480111508756,"tensor(3.2977, dtype=torch.float64)",17.383683927597538,tensor(4.1694)
0.001,1e-05,18,10.312061298215712,"tensor(3.2112, dtype=torch.float64)",20.228665336485832,tensor(4.4976)
0.001,1e-05,19,10.40679122306205,"tensor(3.2260, dtype=torch.float64)",42.98914687864242,tensor(6.5566)
0.001,1e-05,20,10.544305742109144,"tensor(3.2472, dtype=torch.float64)",26.390591898272113,tensor(5.1372)
0.001,1e-05,21,10.053900267626789,"tensor(3.1708, dtype=torch.float64)",27.142008469950767,tensor(5.2098)
0.001,1e-05,22,9.97186340770206,"tensor(3.1578, dtype=torch.float64)",24.40658780067198,tensor(4.9403)
0.001,1e-05,23,9.866399307508726,"tensor(3.1411, dtype=torch.float64)",113.96057851852909,tensor(10.6752)
0.001,1e-05,24,9.860211687474637,"tensor(3.1401, dtype=torch.float64)",34.36837727023709,tensor(5.8625)
0.001,1e-05,25,9.41322516041833,"tensor(3.0681, dtype=torch.float64)",24.212182314165176,tensor(4.9206)
0.001,1e-05,26,9.330299318803323,"tensor(3.0546, dtype=torch.float64)",25.91809788057881,tensor(5.0910)
0.001,1e-05,27,9.293247636588845,"tensor(3.0485, dtype=torch.float64)",46.709811056813884,tensor(6.8345)
0.001,1e-05,28,8.863568873663207,"tensor(2.9772, dtype=torch.float64)",27.71104108902716,tensor(5.2641)
0.001,1e-05,29,8.971595757072036,"tensor(2.9953, dtype=torch.float64)",24.00333720637906,tensor(4.8993)
0.001,1e-05,30,8.740199662543631,"tensor(2.9564, dtype=torch.float64)",17.721714392785103,tensor(4.2097)
0.001,1e-05,31,8.345880558684065,"tensor(2.8889, dtype=torch.float64)",38.854779474196896,tensor(6.2334)
0.001,1e-05,32,8.614107016614966,"tensor(2.9350, dtype=torch.float64)",14.524541754876413,tensor(3.8111)
0.001,1e-05,33,8.127796865153957,"tensor(2.8509, dtype=torch.float64)",60.879762618772446,tensor(7.8025)
0.001,1e-05,34,8.24545958944269,"tensor(2.8715, dtype=torch.float64)",26.156427644914196,tensor(5.1143)
0.001,1e-05,35,7.599652265858006,"tensor(2.7567, dtype=torch.float64)",16.280691323741788,tensor(4.0349)
0.001,1e-05,36,7.867202173696982,"tensor(2.8049, dtype=torch.float64)",37.473177955996604,tensor(6.1215)
0.001,1e-05,37,7.784448023100157,"tensor(2.7901, dtype=torch.float64)",86.50416200391707,tensor(9.3008)
0.001,1e-05,38,7.478228061263626,"tensor(2.7346, dtype=torch.float64)",28.465422599546372,tensor(5.3353)
0.001,1e-05,39,7.517616297103263,"tensor(2.7418, dtype=torch.float64)",22.387955965534335,tensor(4.7316)
0.001,1e-05,40,7.320672256237752,"tensor(2.7057, dtype=torch.float64)",18.93767020202452,tensor(4.3517)
0.001,1e-05,41,7.308368531433311,"tensor(2.7034, dtype=torch.float64)",30.242487169081166,tensor(5.4993)
0.001,1e-05,42,7.243968645946399,"tensor(2.6915, dtype=torch.float64)",19.83542819561497,tensor(4.4537)
0.001,1e-05,43,6.909234825984852,"tensor(2.6285, dtype=torch.float64)",23.45272502591533,tensor(4.8428)
0.001,1e-05,44,7.076599721006445,"tensor(2.6602, dtype=torch.float64)",18.847689217136754,tensor(4.3414)
0.001,1e-05,45,6.791246834961144,"tensor(2.6060, dtype=torch.float64)",19.909982519765055,tensor(4.4621)
0.001,1e-05,46,6.743079920717188,"tensor(2.5967, dtype=torch.float64)",61.779443925426854,tensor(7.8600)
0.001,1e-05,47,6.494490513286075,"tensor(2.5484, dtype=torch.float64)",41.98691923387589,tensor(6.4797)
0.001,1e-05,48,6.528043443447835,"tensor(2.5550, dtype=torch.float64)",39.989806513632495,tensor(6.3237)
0.001,1e-05,49,6.401191311913568,"tensor(2.5301, dtype=torch.float64)",21.54351072542129,tensor(4.6415)
0.001,0.0001,0,7.4835564671335995,"tensor(2.7356, dtype=torch.float64)",26.398918667147235,tensor(5.1380)
0.001,0.0001,1,6.464184206240886,"tensor(2.5425, dtype=torch.float64)",22.0158688252972,tensor(4.6921)
0.001,0.0001,2,6.235455875783353,"tensor(2.4971, dtype=torch.float64)",77.1019178590467,tensor(8.7808)
0.001,0.0001,3,6.322517851236705,"tensor(2.5145, dtype=torch.float64)",47.033059043269006,tensor(6.8581)
0.001,0.0001,4,6.198122315793424,"tensor(2.4896, dtype=torch.float64)",44.98705807039815,tensor(6.7072)
0.001,0.0001,5,6.352103370589179,"tensor(2.5203, dtype=torch.float64)",25.60704461989864,tensor(5.0603)
0.001,0.0001,6,6.075137171229801,"tensor(2.4648, dtype=torch.float64)",25.860246835216397,tensor(5.0853)
0.001,0.0001,7,5.99810949467324,"tensor(2.4491, dtype=torch.float64)",28.907866031892837,tensor(5.3766)
0.001,0.0001,8,6.051960344572325,"tensor(2.4601, dtype=torch.float64)",19.474252158595668,tensor(4.4130)
0.001,0.0001,9,6.170051996127979,"tensor(2.4840, dtype=torch.float64)",20.286326708332187,tensor(4.5040)
0.001,0.0001,10,5.756473214561875,"tensor(2.3993, dtype=torch.float64)",22.296440462912283,tensor(4.7219)
0.001,0.0001,11,6.007606699015643,"tensor(2.4510, dtype=torch.float64)",38.14877310875924,tensor(6.1765)
0.001,0.0001,12,5.881924703314498,"tensor(2.4253, dtype=torch.float64)",15.079703238702589,tensor(3.8833)
0.001,0.0001,13,5.649652130539353,"tensor(2.3769, dtype=torch.float64)",34.21933695577806,tensor(5.8497)
0.001,0.0001,14,5.718076218141092,"tensor(2.3912, dtype=torch.float64)",27.929799510586648,tensor(5.2849)
0.001,0.0001,15,5.566447730322142,"tensor(2.3593, dtype=torch.float64)",32.08299053099848,tensor(5.6642)
0.001,0.0001,16,5.549671881907695,"tensor(2.3558, dtype=torch.float64)",57.327646655421105,tensor(7.5715)
0.001,0.0001,17,5.817394766292057,"tensor(2.4119, dtype=torch.float64)",19.143085587409235,tensor(4.3753)
0.001,0.0001,18,5.612669884836351,"tensor(2.3691, dtype=torch.float64)",22.89653150112398,tensor(4.7850)
0.001,0.0001,19,5.491707378464776,"tensor(2.3434, dtype=torch.float64)",24.2516421041181,tensor(4.9246)
0.001,0.0001,20,5.52354529161711,"tensor(2.3502, dtype=torch.float64)",15.368815418212645,tensor(3.9203)
0.001,0.0001,21,5.439975589674872,"tensor(2.3324, dtype=torch.float64)",18.93759992045741,tensor(4.3517)
0.001,0.0001,22,5.423816052643028,"tensor(2.3289, dtype=torch.float64)",35.72655942363124,tensor(5.9772)
0.001,0.0001,23,5.315953374553371,"tensor(2.3056, dtype=torch.float64)",33.18973316684846,tensor(5.7611)
0.001,0.0001,24,5.132258048573056,"tensor(2.2654, dtype=torch.float64)",47.65247897178896,tensor(6.9031)
0.001,0.0001,25,5.3535694624926595,"tensor(2.3138, dtype=torch.float64)",42.90215443026635,tensor(6.5500)
0.001,0.0001,26,4.941575286195085,"tensor(2.2230, dtype=torch.float64)",25.649514490558253,tensor(5.0645)
0.001,0.0001,27,5.082019593264605,"tensor(2.2543, dtype=torch.float64)",24.118291078075284,tensor(4.9110)
0.001,0.0001,28,5.124825387387662,"tensor(2.2638, dtype=torch.float64)",19.59773649323371,tensor(4.4269)
0.001,0.0001,29,5.0000450218046035,"tensor(2.2361, dtype=torch.float64)",23.41503297513531,tensor(4.8389)
0.001,0.0001,30,5.042159904338218,"tensor(2.2455, dtype=torch.float64)",18.96413726191367,tensor(4.3548)
0.001,0.0001,31,5.021611570667576,"tensor(2.2409, dtype=torch.float64)",22.76448065234769,tensor(4.7712)
0.001,0.0001,32,4.820633599564836,"tensor(2.1956, dtype=torch.float64)",28.7653778752973,tensor(5.3633)
0.001,0.0001,33,4.736327424564877,"tensor(2.1763, dtype=torch.float64)",19.328757970563828,tensor(4.3964)
0.001,0.0001,34,4.639810028591672,"tensor(2.1540, dtype=torch.float64)",18.622823526782373,tensor(4.3154)
0.001,0.0001,35,4.7430255445274145,"tensor(2.1778, dtype=torch.float64)",32.29137417193382,tensor(5.6825)
0.001,0.0001,36,4.64764976018184,"tensor(2.1558, dtype=torch.float64)",22.332007381223864,tensor(4.7257)
0.001,0.0001,37,4.611307961231954,"tensor(2.1474, dtype=torch.float64)",22.334065321953066,tensor(4.7259)
0.001,0.0001,38,4.515963783135286,"tensor(2.1251, dtype=torch.float64)",14.833236086753107,tensor(3.8514)
0.001,0.0001,39,4.47829893634126,"tensor(2.1162, dtype=torch.float64)",19.647016286849976,tensor(4.4325)
0.001,0.0001,40,4.444476016147717,"tensor(2.1082, dtype=torch.float64)",23.969957367066414,tensor(4.8959)
0.001,0.0001,41,4.491107516675382,"tensor(2.1192, dtype=torch.float64)",23.13304231243749,tensor(4.8097)
0.001,0.0001,42,4.372440580097405,"tensor(2.0910, dtype=torch.float64)",104.79782362907163,tensor(10.2371)
0.001,0.0001,43,4.3323722291637115,"tensor(2.0814, dtype=torch.float64)",26.946489826325447,tensor(5.1910)
0.001,0.0001,44,4.301575316609563,"tensor(2.0740, dtype=torch.float64)",14.972220989965624,tensor(3.8694)
0.001,0.0001,45,4.219127296757054,"tensor(2.0541, dtype=torch.float64)",15.900170722315389,tensor(3.9875)
0.001,0.0001,46,4.292322787723026,"tensor(2.0718, dtype=torch.float64)",16.68969521214885,tensor(4.0853)
0.001,0.0001,47,4.069188591596243,"tensor(2.0172, dtype=torch.float64)",27.36806051192745,tensor(5.2314)
0.001,0.0001,48,4.0574177049301765,"tensor(2.0143, dtype=torch.float64)",48.04951218635805,tensor(6.9318)
0.001,0.0001,49,4.061157636062519,"tensor(2.0152, dtype=torch.float64)",23.062342543755808,tensor(4.8023)
0.001,0.001,0,5.0743111987371705,"tensor(2.2526, dtype=torch.float64)",31.174618198025613,tensor(5.5834)
0.001,0.001,1,4.489148660286053,"tensor(2.1188, dtype=torch.float64)",24.642762584071004,tensor(4.9641)
0.001,0.001,2,4.5297451747430335,"tensor(2.1283, dtype=torch.float64)",22.67055381498029,tensor(4.7614)
0.001,0.001,3,4.469111331089123,"tensor(2.1140, dtype=torch.float64)",18.730752814200617,tensor(4.3279)
0.001,0.001,4,4.652200462367084,"tensor(2.1569, dtype=torch.float64)",18.482623565581537,tensor(4.2991)
0.001,0.001,5,4.75858681652997,"tensor(2.1814, dtype=torch.float64)",19.836180094749697,tensor(4.4538)
0.001,0.001,6,4.8368569702715485,"tensor(2.1993, dtype=torch.float64)",35.1702673358302,tensor(5.9305)
0.001,0.001,7,4.758167989833935,"tensor(2.1813, dtype=torch.float64)",15.275270792745776,tensor(3.9084)
0.001,0.001,8,4.848311309556704,"tensor(2.2019, dtype=torch.float64)",17.048102748009466,tensor(4.1289)
0.001,0.001,9,4.756352807380058,"tensor(2.1809, dtype=torch.float64)",15.44670053451292,tensor(3.9302)
0.001,0.001,10,5.189261412298357,"tensor(2.2780, dtype=torch.float64)",18.021123716908118,tensor(4.2451)
0.001,0.001,11,4.800067976358775,"tensor(2.1909, dtype=torch.float64)",16.624742857871517,tensor(4.0773)
0.001,0.001,12,4.854255089244327,"tensor(2.2032, dtype=torch.float64)",26.561235143292336,tensor(5.1538)
0.001,0.001,13,4.9606464785498545,"tensor(2.2273, dtype=torch.float64)",27.820966243743896,tensor(5.2746)
0.001,0.001,14,4.835414816882159,"tensor(2.1990, dtype=torch.float64)",18.388822071013912,tensor(4.2882)
0.001,0.001,15,4.944525517321922,"tensor(2.2236, dtype=torch.float64)",33.742338242069366,tensor(5.8088)
0.001,0.001,16,5.0006315295760695,"tensor(2.2362, dtype=torch.float64)",24.98970865434216,tensor(4.9990)
0.001,0.001,17,4.968116766697651,"tensor(2.2289, dtype=torch.float64)",29.489966977027155,tensor(5.4305)
0.001,0.001,18,4.75504606607798,"tensor(2.1806, dtype=torch.float64)",25.11241049920359,tensor(5.0112)
0.001,0.001,19,4.985089277576756,"tensor(2.2327, dtype=torch.float64)",21.201241539370628,tensor(4.6045)
0.001,0.001,20,4.910330550735061,"tensor(2.2159, dtype=torch.float64)",20.96402027530055,tensor(4.5786)
0.001,0.001,21,5.0228975073711295,"tensor(2.2412, dtype=torch.float64)",19.99703315765627,tensor(4.4718)
0.001,0.001,22,4.815383609887716,"tensor(2.1944, dtype=torch.float64)",50.696447049417806,tensor(7.1201)
0.001,0.001,23,5.844009264095409,"tensor(2.4174, dtype=torch.float64)",13.760988893047456,tensor(3.7096)
0.001,0.001,24,4.661877133395221,"tensor(2.1591, dtype=torch.float64)",36.96238390861019,tensor(6.0797)
0.001,0.001,25,4.801333867537009,"tensor(2.1912, dtype=torch.float64)",19.982509551509732,tensor(4.4702)
0.001,0.001,26,4.691430443686408,"tensor(2.1660, dtype=torch.float64)",14.775111663726069,tensor(3.8438)
0.001,0.001,27,4.912186239538966,"tensor(2.2163, dtype=torch.float64)",51.37134392030777,tensor(7.1674)
0.001,0.001,28,4.633275725712648,"tensor(2.1525, dtype=torch.float64)",14.786115819408048,tensor(3.8453)
0.001,0.001,29,4.967663212724634,"tensor(2.2288, dtype=torch.float64)",15.995088083128776,tensor(3.9994)
0.001,0.001,30,4.80327095469913,"tensor(2.1916, dtype=torch.float64)",17.668659875469825,tensor(4.2034)
0.001,0.001,31,4.831952571546709,"tensor(2.1982, dtype=torch.float64)",33.9050716354001,tensor(5.8228)
0.001,0.001,32,5.137078826814085,"tensor(2.2665, dtype=torch.float64)",21.95013362361539,tensor(4.6851)
0.001,0.001,33,4.6708163422507205,"tensor(2.1612, dtype=torch.float64)",16.295372532260032,tensor(4.0368)
0.001,0.001,34,4.662342694643382,"tensor(2.1592, dtype=torch.float64)",20.952657265047872,tensor(4.5774)
0.001,0.001,35,4.441447547319773,"tensor(2.1075, dtype=torch.float64)",16.19125953797371,tensor(4.0238)
0.001,0.001,36,4.831670810725238,"tensor(2.1981, dtype=torch.float64)",17.734076134620175,tensor(4.2112)
0.001,0.001,37,4.632809479494353,"tensor(2.1524, dtype=torch.float64)",30.437729508646072,tensor(5.5170)
0.001,0.001,38,4.520204488328985,"tensor(2.1261, dtype=torch.float64)",50.518642802392286,tensor(7.1076)
0.001,0.001,39,4.864986210256009,"tensor(2.2057, dtype=torch.float64)",41.49619161698126,tensor(6.4418)
0.001,0.001,40,4.583055711114729,"tensor(2.1408, dtype=torch.float64)",15.513505235795051,tensor(3.9387)
0.001,0.001,41,4.404937637174451,"tensor(2.0988, dtype=torch.float64)",25.336998516513454,tensor(5.0336)
0.001,0.001,42,4.455323333997984,"tensor(2.1108, dtype=torch.float64)",23.387368698273935,tensor(4.8360)
0.001,0.001,43,4.560513948749851,"tensor(2.1355, dtype=torch.float64)",20.384757130376755,tensor(4.5149)
0.001,0.001,44,4.582483951787691,"tensor(2.1407, dtype=torch.float64)",18.543989073845648,tensor(4.3063)
0.001,0.001,45,5.1684499672941255,"tensor(2.2734, dtype=torch.float64)",15.191487569962778,tensor(3.8976)
0.001,0.001,46,4.395706936475393,"tensor(2.0966, dtype=torch.float64)",18.30936195388917,tensor(4.2789)
0.001,0.001,47,4.229324479038651,"tensor(2.0565, dtype=torch.float64)",17.10232207467479,tensor(4.1355)
0.001,0.001,48,4.418175958942722,"tensor(2.1019, dtype=torch.float64)",17.73300746179396,tensor(4.2111)
0.001,0.001,49,5.002321375382913,"tensor(2.2366, dtype=torch.float64)",34.93129757911928,tensor(5.9103)
0.01,1e-06,0,67.90903301239014,"tensor(8.2407, dtype=torch.float64)",1655.953602452432,tensor(40.6934)
0.01,1e-06,1,44.35527571085337,"tensor(6.6600, dtype=torch.float64)",275.3239495677333,tensor(16.5929)
0.01,1e-06,2,42.276338278280726,"tensor(6.5020, dtype=torch.float64)",50.898313122410926,tensor(7.1343)
0.01,1e-06,3,38.36859916996311,"tensor(6.1942, dtype=torch.float64)",85.95389156187734,tensor(9.2711)
0.01,1e-06,4,36.56685977368741,"tensor(6.0471, dtype=torch.float64)",306.49282556964505,tensor(17.5069)
0.01,1e-06,5,36.01515075838244,"tensor(6.0013, dtype=torch.float64)",1363.0499388787055,tensor(36.9195)
0.01,1e-06,6,33.7499528498263,"tensor(5.8095, dtype=torch.float64)",9355.010129667098,tensor(96.7213)
0.01,1e-06,7,32.75117198840992,"tensor(5.7229, dtype=torch.float64)",41.542435538384225,tensor(6.4453)
0.01,1e-06,8,31.50415706119022,"tensor(5.6129, dtype=torch.float64)",151.41575204172443,tensor(12.3051)
0.01,1e-06,9,32.0787907394203,"tensor(5.6638, dtype=torch.float64)",4543.332079079843,tensor(67.4042)
0.01,1e-06,10,30.064427280426024,"tensor(5.4831, dtype=torch.float64)",3789.3840200208847,tensor(61.5580)
0.01,1e-06,11,29.662863290632092,"tensor(5.4464, dtype=torch.float64)",284.4887653166248,tensor(16.8668)
0.01,1e-06,12,27.79090440724347,"tensor(5.2717, dtype=torch.float64)",110.36962305345843,tensor(10.5057)
0.01,1e-06,13,27.15462006233834,"tensor(5.2110, dtype=torch.float64)",24.902688680156583,tensor(4.9903)
0.01,1e-06,14,26.661688384494266,"tensor(5.1635, dtype=torch.float64)",658.6101771323912,tensor(25.6634)
0.01,1e-06,15,27.44109673628936,"tensor(5.2384, dtype=torch.float64)",1243.9282323775753,tensor(35.2694)
0.01,1e-06,16,25.151109311387344,"tensor(5.0151, dtype=torch.float64)",19.63540590963056,tensor(4.4312)
0.01,1e-06,17,24.930634934193378,"tensor(4.9931, dtype=torch.float64)",38.38887572288513,tensor(6.1959)
0.01,1e-06,18,24.473603979316916,"tensor(4.9471, dtype=torch.float64)",48.65974639308068,tensor(6.9757)
0.01,1e-06,19,22.38929873028317,"tensor(4.7317, dtype=torch.float64)",1035.9090515875048,tensor(32.1855)
0.01,1e-06,20,22.26765775680542,"tensor(4.7189, dtype=torch.float64)",74.02174928111415,tensor(8.6036)
0.01,1e-06,21,20.821066376969622,"tensor(4.5630, dtype=torch.float64)",32.525743753679336,tensor(5.7031)
0.01,1e-06,22,20.86363515725007,"tensor(4.5677, dtype=torch.float64)",21.37331936820861,tensor(4.6231)
0.01,1e-06,23,20.52952223855096,"tensor(4.5310, dtype=torch.float64)",30.686693699129165,tensor(5.5396)
0.01,1e-06,24,19.63524932861328,"tensor(4.4312, dtype=torch.float64)",34.55530037418489,tensor(5.8784)
0.01,1e-06,25,20.073411218540087,"tensor(4.4803, dtype=torch.float64)",78.30039318146244,tensor(8.8488)
0.01,1e-06,26,19.3885936144236,"tensor(4.4032, dtype=torch.float64)",30.63738376094449,tensor(5.5351)
0.01,1e-06,27,19.808144693116883,"tensor(4.4506, dtype=torch.float64)",43.78224658196972,tensor(6.6168)
0.01,1e-06,28,18.56485544153162,"tensor(4.3087, dtype=torch.float64)",67.96696538309897,tensor(8.2442)
0.01,1e-06,29,18.689790574924366,"tensor(4.3232, dtype=torch.float64)",90.2006194206976,tensor(9.4974)
0.01,1e-06,30,19.13298271540049,"tensor(4.3741, dtype=torch.float64)",24.656686129108554,tensor(4.9655)
0.01,1e-06,31,18.080749518162495,"tensor(4.2521, dtype=torch.float64)",53.50118569404848,tensor(7.3145)
0.01,1e-06,32,18.80287454063828,"tensor(4.3362, dtype=torch.float64)",62.97455050868373,tensor(7.9357)
0.01,1e-06,33,17.941276933051444,"tensor(4.2357, dtype=torch.float64)",103.1217202524985,tensor(10.1549)
0.01,1e-06,34,18.957014153454754,"tensor(4.3540, dtype=torch.float64)",21.976798861257492,tensor(4.6879)
0.01,1e-06,35,17.63875629064199,"tensor(4.1999, dtype=torch.float64)",49.822641472662646,tensor(7.0585)
0.01,1e-06,36,17.463358458957156,"tensor(4.1789, dtype=torch.float64)",80.16827020337504,tensor(8.9537)
0.01,1e-06,37,17.943425794549892,"tensor(4.2360, dtype=torch.float64)",131.8030620698006,tensor(11.4806)
0.01,1e-06,38,18.18455654479362,"tensor(4.2643, dtype=torch.float64)",50.15796924406482,tensor(7.0822)
0.01,1e-06,39,17.862077638265248,"tensor(4.2264, dtype=torch.float64)",28.91519015066085,tensor(5.3773)
0.01,1e-06,40,17.257248709652874,"tensor(4.1542, dtype=torch.float64)",27.680795123500207,tensor(5.2613)
0.01,1e-06,41,17.39610646995338,"tensor(4.1709, dtype=torch.float64)",59.57090188610938,tensor(7.7182)
0.01,1e-06,42,16.877528382636406,"tensor(4.1082, dtype=torch.float64)",88.99636757758356,tensor(9.4338)
0.01,1e-06,43,16.900904544624122,"tensor(4.1111, dtype=torch.float64)",39.55788462392746,tensor(6.2895)
0.01,1e-06,44,17.24320706290168,"tensor(4.1525, dtype=torch.float64)",72.02443348976874,tensor(8.4867)
0.01,1e-06,45,16.50040167473458,"tensor(4.0621, dtype=torch.float64)",56.657456651810676,tensor(7.5271)
0.01,1e-06,46,16.655431752591518,"tensor(4.0811, dtype=torch.float64)",32.08200682363203,tensor(5.6641)
0.01,1e-06,47,17.014946197819064,"tensor(4.1249, dtype=torch.float64)",62.025957261362386,tensor(7.8757)
0.01,1e-06,48,16.184399835483447,"tensor(4.0230, dtype=torch.float64)",30.681193482491278,tensor(5.5391)
0.01,1e-06,49,16.569330871427383,"tensor(4.0705, dtype=torch.float64)",85.1465947858749,tensor(9.2275)
0.01,1e-05,0,18.22524772721368,"tensor(4.2691, dtype=torch.float64)",30.477097642037176,tensor(5.5206)
0.01,1e-05,1,16.12304958008431,"tensor(4.0154, dtype=torch.float64)",34.778216423526885,tensor(5.8973)
0.01,1e-05,2,16.249903548730387,"tensor(4.0311, dtype=torch.float64)",66.71385745848379,tensor(8.1679)
0.01,1e-05,3,15.65186941945875,"tensor(3.9562, dtype=torch.float64)",137.26388577492006,tensor(11.7160)
0.01,1e-05,4,15.869487008532962,"tensor(3.9837, dtype=torch.float64)",43.68133528770939,tensor(6.6092)
0.01,1e-05,5,15.962236989511027,"tensor(3.9953, dtype=torch.float64)",26.249109795016626,tensor(5.1234)
0.01,1e-05,6,15.602142743806581,"tensor(3.9500, dtype=torch.float64)",33.89778951675661,tensor(5.8222)
0.01,1e-05,7,16.0143632785694,"tensor(4.0018, dtype=torch.float64)",43.43266564030801,tensor(6.5903)
0.01,1e-05,8,15.897082529841242,"tensor(3.9871, dtype=torch.float64)",33.52011970550783,tensor(5.7897)
0.01,1e-05,9,16.044921729371353,"tensor(4.0056, dtype=torch.float64)",55.35716136809318,tensor(7.4402)
0.01,1e-05,10,15.39032120575776,"tensor(3.9230, dtype=torch.float64)",42.777317177864816,tensor(6.5404)
0.01,1e-05,11,14.81810338819349,"tensor(3.8494, dtype=torch.float64)",85.60297982923446,tensor(9.2522)
0.01,1e-05,12,15.054261967942521,"tensor(3.8800, dtype=torch.float64)",35.65311997936618,tensor(5.9710)
0.01,1e-05,13,15.630996300723101,"tensor(3.9536, dtype=torch.float64)",28.01483283504363,tensor(5.2929)
0.01,1e-05,14,15.844360385069976,"tensor(3.9805, dtype=torch.float64)",24.82551642002598,tensor(4.9825)
0.01,1e-05,15,15.405525301598214,"tensor(3.9250, dtype=torch.float64)",36.9059597984437,tensor(6.0750)
0.01,1e-05,16,14.641379777805225,"tensor(3.8264, dtype=torch.float64)",25.112163928247266,tensor(5.0112)
0.01,1e-05,17,15.046305479874482,"tensor(3.8790, dtype=torch.float64)",32.87583862966107,tensor(5.7337)
0.01,1e-05,18,14.940286298700281,"tensor(3.8653, dtype=torch.float64)",42.04914613692991,tensor(6.4845)
0.01,1e-05,19,14.363153000135679,"tensor(3.7899, dtype=torch.float64)",24.629257717440204,tensor(4.9628)
0.01,1e-05,20,14.927286477991053,"tensor(3.8636, dtype=torch.float64)",30.57188533198449,tensor(5.5292)
0.01,1e-05,21,14.505998554745236,"tensor(3.8087, dtype=torch.float64)",33.251518034165905,tensor(5.7664)
0.01,1e-05,22,14.679044202856115,"tensor(3.8313, dtype=torch.float64)",27.670832918536277,tensor(5.2603)
0.01,1e-05,23,14.405508151569881,"tensor(3.7955, dtype=torch.float64)",66.29515303334883,tensor(8.1422)
0.01,1e-05,24,14.268496871638943,"tensor(3.7774, dtype=torch.float64)",45.689248684913885,tensor(6.7594)
0.01,1e-05,25,13.818310657707421,"tensor(3.7173, dtype=torch.float64)",42.251431019075454,tensor(6.5001)
0.01,1e-05,26,14.632227731395412,"tensor(3.8252, dtype=torch.float64)",53.22055541315386,tensor(7.2952)
0.01,1e-05,27,14.241801943650117,"tensor(3.7738, dtype=torch.float64)",45.81816441012967,tensor(6.7689)
0.01,1e-05,28,14.429315390457978,"tensor(3.7986, dtype=torch.float64)",24.257944176273963,tensor(4.9252)
0.01,1e-05,29,14.070511503477354,"tensor(3.7511, dtype=torch.float64)",26.13284537100023,tensor(5.1120)
0.01,1e-05,30,13.637295163644326,"tensor(3.6929, dtype=torch.float64)",66.63859278155911,tensor(8.1632)
0.01,1e-05,31,13.784007654318938,"tensor(3.7127, dtype=torch.float64)",51.11588793416177,tensor(7.1495)
0.01,1e-05,32,13.669849536225602,"tensor(3.6973, dtype=torch.float64)",32.53230322560957,tensor(5.7037)
0.01,1e-05,33,13.124392524281063,"tensor(3.6228, dtype=torch.float64)",61.685167820222915,tensor(7.8540)
0.01,1e-05,34,13.352959233361322,"tensor(3.6542, dtype=torch.float64)",51.34489229417616,tensor(7.1655)
0.01,1e-05,35,13.76612972826571,"tensor(3.7103, dtype=torch.float64)",62.417848556272446,tensor(7.9005)
0.01,1e-05,36,12.814961866430334,"tensor(3.5798, dtype=torch.float64)",36.65264683385049,tensor(6.0541)
0.01,1e-05,37,13.099449599755777,"tensor(3.6193, dtype=torch.float64)",29.687445348308934,tensor(5.4486)
0.01,1e-05,38,13.947488942017426,"tensor(3.7346, dtype=torch.float64)",92.73373945297733,tensor(9.6298)
0.01,1e-05,39,12.968659745035945,"tensor(3.6012, dtype=torch.float64)",20.222650412590273,tensor(4.4970)
0.01,1e-05,40,13.501156477026036,"tensor(3.6744, dtype=torch.float64)",51.68254003217143,tensor(7.1891)
0.01,1e-05,41,13.324627153293507,"tensor(3.6503, dtype=torch.float64)",23.805213251421527,tensor(4.8791)
0.01,1e-05,42,12.959849119186401,"tensor(3.6000, dtype=torch.float64)",28.593189500993297,tensor(5.3473)
0.01,1e-05,43,12.928025151587821,"tensor(3.5956, dtype=torch.float64)",69.83494155637679,tensor(8.3567)
0.01,1e-05,44,13.34844358998376,"tensor(3.6536, dtype=torch.float64)",21.044922344146237,tensor(4.5875)
0.01,1e-05,45,12.201034523989703,"tensor(3.4930, dtype=torch.float64)",40.11562452777739,tensor(6.3337)
0.01,1e-05,46,12.986499020215627,"tensor(3.6037, dtype=torch.float64)",42.55722913434428,tensor(6.5236)
0.01,1e-05,47,12.558082946571144,"tensor(3.5437, dtype=torch.float64)",40.008675194555714,tensor(6.3252)
0.01,1e-05,48,12.258842280104354,"tensor(3.5013, dtype=torch.float64)",31.960902902387804,tensor(5.6534)
0.01,1e-05,49,12.264178352098208,"tensor(3.5020, dtype=torch.float64)",53.96810711583784,tensor(7.3463)
0.01,0.0001,0,14.114387285387194,"tensor(3.7569, dtype=torch.float64)",17.581310176080272,tensor(4.1930)
0.01,0.0001,1,12.798670462659887,"tensor(3.5775, dtype=torch.float64)",26.45418268634427,tensor(5.1434)
0.01,0.0001,2,12.989343957643252,"tensor(3.6041, dtype=torch.float64)",50.42138644187681,tensor(7.1008)
0.01,0.0001,3,13.074707166568652,"tensor(3.6159, dtype=torch.float64)",31.379995953652166,tensor(5.6018)
0.01,0.0001,4,12.312625807684821,"tensor(3.5089, dtype=torch.float64)",24.724698228220785,tensor(4.9724)
0.01,0.0001,5,12.5489813765964,"tensor(3.5425, dtype=torch.float64)",74.00681486437398,tensor(8.6027)
0.01,0.0001,6,13.497413684226371,"tensor(3.6739, dtype=torch.float64)",29.799793681790753,tensor(5.4589)
0.01,0.0001,7,13.227640363332387,"tensor(3.6370, dtype=torch.float64)",51.45746809436429,tensor(7.1734)
0.01,0.0001,8,12.275480054520273,"tensor(3.5036, dtype=torch.float64)",25.17630752440422,tensor(5.0176)
0.01,0.0001,9,12.589140242499274,"tensor(3.5481, dtype=torch.float64)",35.46137706695065,tensor(5.9549)
0.01,0.0001,10,12.595144289893073,"tensor(3.5490, dtype=torch.float64)",75.38260795224097,tensor(8.6823)
0.01,0.0001,11,13.382937729036486,"tensor(3.6583, dtype=torch.float64)",55.55482413691859,tensor(7.4535)
0.01,0.0001,12,12.667728630272117,"tensor(3.5592, dtype=torch.float64)",129.14790977970247,tensor(11.3643)
0.01,0.0001,13,12.463031009725622,"tensor(3.5303, dtype=torch.float64)",22.159234166145325,tensor(4.7074)
0.01,0.0001,14,12.27008786201477,"tensor(3.5029, dtype=torch.float64)",30.120170747080156,tensor(5.4882)
0.01,0.0001,15,12.962624320468388,"tensor(3.6004, dtype=torch.float64)",36.561309668325606,tensor(6.0466)
0.01,0.0001,16,12.443535962620297,"tensor(3.5275, dtype=torch.float64)",36.60569541685043,tensor(6.0503)
0.01,0.0001,17,12.501840451601389,"tensor(3.5358, dtype=torch.float64)",23.435577161850468,tensor(4.8410)
0.01,0.0001,18,12.07714772482176,"tensor(3.4752, dtype=torch.float64)",197.32580421816917,tensor(14.0473)
0.01,0.0001,19,11.944086862254787,"tensor(3.4560, dtype=torch.float64)",1135.9520563925466,tensor(33.7039)
0.01,0.0001,20,12.672042247411367,"tensor(3.5598, dtype=torch.float64)",26.516520265609987,tensor(5.1494)
0.01,0.0001,21,12.74756854031537,"tensor(3.5704, dtype=torch.float64)",28.99956194816097,tensor(5.3851)
0.01,0.0001,22,11.902450156856228,"tensor(3.4500, dtype=torch.float64)",54.492746799222886,tensor(7.3819)
0.01,0.0001,23,11.764470180305274,"tensor(3.4299, dtype=torch.float64)",21.758650752805895,tensor(4.6646)
0.01,0.0001,24,11.903216374887002,"tensor(3.4501, dtype=torch.float64)",24.034209105276293,tensor(4.9025)
0.01,0.0001,25,11.864935976105768,"tensor(3.4446, dtype=torch.float64)",23.179276504824237,tensor(4.8145)
0.01,0.0001,26,12.362175400192672,"tensor(3.5160, dtype=torch.float64)",23.757555392480665,tensor(4.8742)
0.01,0.0001,27,11.788987296336407,"tensor(3.4335, dtype=torch.float64)",35.565637673101115,tensor(5.9637)
0.01,0.0001,28,12.31540385065852,"tensor(3.5093, dtype=torch.float64)",54.0232496530779,tensor(7.3501)
0.01,0.0001,29,11.891540098190308,"tensor(3.4484, dtype=torch.float64)",24.806795197148478,tensor(4.9806)
0.01,0.0001,30,11.83562160827018,"tensor(3.4403, dtype=torch.float64)",44.32687548668154,tensor(6.6578)
0.01,0.0001,31,11.681889673181482,"tensor(3.4179, dtype=torch.float64)",20.793216912977158,tensor(4.5600)
0.01,0.0001,32,11.866747262671186,"tensor(3.4448, dtype=torch.float64)",28.717419270546205,tensor(5.3589)
0.01,0.0001,33,11.708546709369969,"tensor(3.4218, dtype=torch.float64)",19.74755548661755,tensor(4.4438)
0.01,0.0001,34,12.392457387254044,"tensor(3.5203, dtype=torch.float64)",64.64645739524595,tensor(8.0403)
0.01,0.0001,35,11.832750554986902,"tensor(3.4399, dtype=torch.float64)",20.190269731706188,tensor(4.4934)
0.01,0.0001,36,11.753547208373611,"tensor(3.4283, dtype=torch.float64)",20.72425188556794,tensor(4.5524)
0.01,0.0001,37,11.915786364271835,"tensor(3.4519, dtype=torch.float64)",22.591330812823387,tensor(4.7530)
0.01,0.0001,38,11.554990724615148,"tensor(3.3993, dtype=torch.float64)",29.84544107221788,tensor(5.4631)
0.01,0.0001,39,11.625186733297399,"tensor(3.4096, dtype=torch.float64)",47.69938272045505,tensor(6.9065)
0.01,0.0001,40,11.388041083877152,"tensor(3.3746, dtype=torch.float64)",39.917583527103545,tensor(6.3180)
0.01,0.0001,41,11.352657095161645,"tensor(3.3694, dtype=torch.float64)",18.98460360496275,tensor(4.3571)
0.01,0.0001,42,11.338241494668496,"tensor(3.3672, dtype=torch.float64)",37.43810724827551,tensor(6.1187)
0.01,0.0001,43,11.522023319553684,"tensor(3.3944, dtype=torch.float64)",38.94203365233637,tensor(6.2404)
0.01,0.0001,44,11.380144770725353,"tensor(3.3734, dtype=torch.float64)",30.69334053224133,tensor(5.5402)
0.01,0.0001,45,11.071488190986015,"tensor(3.3274, dtype=torch.float64)",37.76340403864461,tensor(6.1452)
0.01,0.0001,46,11.458960303744755,"tensor(3.3851, dtype=torch.float64)",51.401037800696585,tensor(7.1695)
0.01,0.0001,47,11.304620930955217,"tensor(3.3622, dtype=torch.float64)",43.248399026932255,tensor(6.5764)
0.01,0.0001,48,11.13843632775384,"tensor(3.3374, dtype=torch.float64)",20.885058868315912,tensor(4.5700)
0.01,0.0001,49,10.912761614773725,"tensor(3.3034, dtype=torch.float64)",25.246083274964363,tensor(5.0245)
0.01,0.001,0,15.022297704542005,"tensor(3.8759, dtype=torch.float64)",38.97484928561795,tensor(6.2430)
0.01,0.001,1,12.695008389369862,"tensor(3.5630, dtype=torch.float64)",20.81022718260365,tensor(4.5618)
0.01,0.001,2,13.232433943490724,"tensor(3.6376, dtype=torch.float64)",268.66249195221934,tensor(16.3909)
0.01,0.001,3,13.796976768003928,"tensor(3.7144, dtype=torch.float64)",23.244845582592873,tensor(4.8213)
0.01,0.001,4,13.770222810796788,"tensor(3.7108, dtype=torch.float64)",29.399462507617088,tensor(5.4221)
0.01,0.001,5,14.262667032190272,"tensor(3.7766, dtype=torch.float64)",25.669829483955137,tensor(5.0665)
0.01,0.001,6,15.437952155035894,"tensor(3.9291, dtype=torch.float64)",19.065610835629126,tensor(4.3664)
0.01,0.001,7,14.616285458770959,"tensor(3.8231, dtype=torch.float64)",79.38945221131847,tensor(8.9101)
0.01,0.001,8,14.732181878347655,"tensor(3.8383, dtype=torch.float64)",16.266721590872734,tensor(4.0332)
0.01,0.001,9,14.417498476440842,"tensor(3.7970, dtype=torch.float64)",25.434111656681186,tensor(5.0432)
0.01,0.001,10,14.507002795709147,"tensor(3.8088, dtype=torch.float64)",92.9456299812563,tensor(9.6408)
0.01,0.001,11,15.30398062242044,"tensor(3.9120, dtype=torch.float64)",62.39074334021537,tensor(7.8988)
0.01,0.001,12,15.341295510369378,"tensor(3.9168, dtype=torch.float64)",54.11273817862234,tensor(7.3561)
0.01,0.001,13,15.038085236420503,"tensor(3.8779, dtype=torch.float64)",35.646619919807684,tensor(5.9705)
0.01,0.001,14,14.700157931044295,"tensor(3.8341, dtype=torch.float64)",74.62910070726949,tensor(8.6388)
0.01,0.001,15,15.40003117999515,"tensor(3.9243, dtype=torch.float64)",156.44390998348112,tensor(12.5078)
0.01,0.001,16,16.370303088265498,"tensor(4.0460, dtype=torch.float64)",26.110135232248613,tensor(5.1098)
0.01,0.001,17,15.27704878626643,"tensor(3.9086, dtype=torch.float64)",26.590948981623495,tensor(5.1566)
0.01,0.001,18,14.961659592551154,"tensor(3.8680, dtype=torch.float64)",30.062544315092026,tensor(5.4829)
0.01,0.001,19,15.856474814543853,"tensor(3.9820, dtype=torch.float64)",26.296566901668424,tensor(5.1280)
0.01,0.001,20,16.068705334534517,"tensor(4.0086, dtype=torch.float64)",77.31165818245181,tensor(8.7927)
0.01,0.001,21,14.824100915805714,"tensor(3.8502, dtype=torch.float64)",52.0599043292384,tensor(7.2153)
0.01,0.001,22,15.519298664299217,"tensor(3.9395, dtype=torch.float64)",20.402044507765,tensor(4.5169)
0.01,0.001,23,15.191405139098297,"tensor(3.8976, dtype=torch.float64)",28.025115366904966,tensor(5.2939)
0.01,0.001,24,15.694839407946612,"tensor(3.9617, dtype=torch.float64)",23.03608694384175,tensor(4.7996)
0.01,0.001,25,15.598457839037922,"tensor(3.9495, dtype=torch.float64)",84.58186621819773,tensor(9.1968)
0.01,0.001,26,15.18855884397352,"tensor(3.8973, dtype=torch.float64)",22.507184428553426,tensor(4.7442)
0.01,0.001,27,15.686304734204267,"tensor(3.9606, dtype=torch.float64)",47.610326443949056,tensor(6.9000)
0.01,0.001,28,15.805382483714336,"tensor(3.9756, dtype=torch.float64)",34.371645904356434,tensor(5.8627)
0.01,0.001,29,15.943133736301112,"tensor(3.9929, dtype=torch.float64)",31.389835926794238,tensor(5.6027)
0.01,0.001,30,14.810720656369183,"tensor(3.8485, dtype=torch.float64)",38.84233983101383,tensor(6.2324)
0.01,0.001,31,15.170179832303846,"tensor(3.8949, dtype=torch.float64)",22.67079439855391,tensor(4.7614)
0.01,0.001,32,15.347158032494622,"tensor(3.9175, dtype=torch.float64)",45.07497630580779,tensor(6.7138)
0.01,0.001,33,14.949438048697807,"tensor(3.8665, dtype=torch.float64)",30.3635414338881,tensor(5.5103)
0.01,0.001,34,15.524871125092378,"tensor(3.9402, dtype=torch.float64)",35.27312887099482,tensor(5.9391)
0.01,0.001,35,15.423138077194626,"tensor(3.9272, dtype=torch.float64)",39.71586805005227,tensor(6.3021)
0.01,0.001,36,15.173748383650908,"tensor(3.8953, dtype=torch.float64)",34.98942605910763,tensor(5.9152)
0.01,0.001,37,15.774133249231287,"tensor(3.9717, dtype=torch.float64)",60.414706322454634,tensor(7.7727)
0.01,0.001,38,15.339984781677659,"tensor(3.9166, dtype=torch.float64)",33.45024392681737,tensor(5.7836)
0.01,0.001,39,15.173826010162767,"tensor(3.8954, dtype=torch.float64)",26.577143338418775,tensor(5.1553)
0.01,0.001,40,15.51804344331896,"tensor(3.9393, dtype=torch.float64)",67.17460101650607,tensor(8.1960)
0.01,0.001,41,14.585898010150807,"tensor(3.8191, dtype=torch.float64)",80.32046682603898,tensor(8.9622)
0.01,0.001,42,14.881956900777043,"tensor(3.8577, dtype=torch.float64)",177.25685891797465,tensor(13.3138)
0.01,0.001,43,14.96050877699981,"tensor(3.8679, dtype=torch.float64)",27.890176326997818,tensor(5.2811)
0.01,0.001,44,15.800802488584775,"tensor(3.9750, dtype=torch.float64)",21.35067666730573,tensor(4.6207)
0.01,0.001,45,15.33442373018007,"tensor(3.9159, dtype=torch.float64)",39.61689211476234,tensor(6.2942)
0.01,0.001,46,14.64985012492618,"tensor(3.8275, dtype=torch.float64)",82.6075552509677,tensor(9.0889)
0.01,0.001,47,15.018129525313507,"tensor(3.8753, dtype=torch.float64)",61.35581490301317,tensor(7.8330)
0.01,0.001,48,15.442854650600536,"tensor(3.9297, dtype=torch.float64)",59.29087681924143,tensor(7.7001)
0.01,0.001,49,14.885664460465716,"tensor(3.8582, dtype=torch.float64)",18.741412989554867,tensor(4.3291)
0.1,1e-06,0,59.697024340242955,"tensor(7.7264, dtype=torch.float64)",69.19069959271339,tensor(8.3181)
0.1,1e-06,1,42.73848097259934,"tensor(6.5375, dtype=torch.float64)",416.96589525284304,tensor(20.4197)
0.1,1e-06,2,38.22742037128758,"tensor(6.1828, dtype=torch.float64)",54.286130505223426,tensor(7.3679)
0.1,1e-06,3,35.45607228665739,"tensor(5.9545, dtype=torch.float64)",71.3374566570405,tensor(8.4462)
0.1,1e-06,4,36.113245631553035,"tensor(6.0094, dtype=torch.float64)",124.48501328499087,tensor(11.1573)
0.1,1e-06,5,35.38197227941977,"tensor(5.9483, dtype=torch.float64)",145.0994457429455,tensor(12.0457)
0.1,1e-06,6,33.7140054367684,"tensor(5.8064, dtype=torch.float64)",43.991995626880275,tensor(6.6326)
0.1,1e-06,7,33.61285877227783,"tensor(5.7977, dtype=torch.float64)",66.55043946543047,tensor(8.1578)
0.1,1e-06,8,33.097558299915214,"tensor(5.7530, dtype=torch.float64)",59.60049626135057,tensor(7.7201)
0.1,1e-06,9,32.660325323568806,"tensor(5.7149, dtype=torch.float64)",103.17806199289137,tensor(10.1577)
0.1,1e-06,10,31.51420315665168,"tensor(5.6138, dtype=torch.float64)",83.10127558246735,tensor(9.1160)
0.1,1e-06,11,32.14073248940545,"tensor(5.6693, dtype=torch.float64)",41.38141319828649,tensor(6.4328)
0.1,1e-06,12,31.583085549844277,"tensor(5.6199, dtype=torch.float64)",75.99111138620684,tensor(8.7173)
0.1,1e-06,13,30.416212795876167,"tensor(5.5151, dtype=torch.float64)",203.61805380544354,tensor(14.2695)
0.1,1e-06,14,30.19309211937157,"tensor(5.4948, dtype=torch.float64)",121.07320268692509,tensor(11.0033)
0.1,1e-06,15,31.46490637289511,"tensor(5.6094, dtype=torch.float64)",38.80663241109541,tensor(6.2295)
0.1,1e-06,16,30.32102057482745,"tensor(5.5065, dtype=torch.float64)",49.804059643899244,tensor(7.0572)
0.1,1e-06,17,29.883631605715365,"tensor(5.4666, dtype=torch.float64)",76.39621199330976,tensor(8.7405)
0.1,1e-06,18,28.832536055590655,"tensor(5.3696, dtype=torch.float64)",52.878410477792066,tensor(7.2718)
0.1,1e-06,19,29.748435195716652,"tensor(5.4542, dtype=torch.float64)",54.99063805610903,tensor(7.4156)
0.1,1e-06,20,28.666888512791814,"tensor(5.3541, dtype=torch.float64)",90.54583088044197,tensor(9.5156)
0.1,1e-06,21,29.195219008987014,"tensor(5.4033, dtype=torch.float64)",72.53696856960174,tensor(8.5169)
0.1,1e-06,22,28.651299803965802,"tensor(5.3527, dtype=torch.float64)",135.77806505080193,tensor(11.6524)
0.1,1e-06,23,29.1735022287111,"tensor(5.4013, dtype=torch.float64)",60.64486749710575,tensor(7.7875)
0.1,1e-06,24,27.6929236901773,"tensor(5.2624, dtype=torch.float64)",56.42595829502229,tensor(7.5117)
0.1,1e-06,25,27.569428200335118,"tensor(5.2507, dtype=torch.float64)",40.23589463387766,tensor(6.3432)
0.1,1e-06,26,27.347170669968065,"tensor(5.2295, dtype=torch.float64)",31.489403332433394,tensor(5.6115)
0.1,1e-06,27,26.042466511597503,"tensor(5.1032, dtype=torch.float64)",39.94280388278346,tensor(6.3200)
0.1,1e-06,28,25.012885611766094,"tensor(5.0013, dtype=torch.float64)",23.73180671276585,tensor(4.8715)
0.1,1e-06,29,25.256205277829558,"tensor(5.0256, dtype=torch.float64)",30.788402503536595,tensor(5.5487)
0.1,1e-06,30,24.546375992491438,"tensor(4.9544, dtype=torch.float64)",31.93139595370139,tensor(5.6508)
0.1,1e-06,31,24.17584097578719,"tensor(4.9169, dtype=torch.float64)",39.12843523486968,tensor(6.2553)
0.1,1e-06,32,22.892929148029637,"tensor(4.7847, dtype=torch.float64)",51.926391578489735,tensor(7.2060)
0.1,1e-06,33,23.0824339415576,"tensor(4.8044, dtype=torch.float64)",43.7695442399671,tensor(6.6159)
0.1,1e-06,34,23.10751238771387,"tensor(4.8070, dtype=torch.float64)",48.13889324280523,tensor(6.9382)
0.1,1e-06,35,21.920565252046327,"tensor(4.6819, dtype=torch.float64)",57.81201379529892,tensor(7.6034)
0.1,1e-06,36,21.367443071829307,"tensor(4.6225, dtype=torch.float64)",38.053418759376775,tensor(6.1687)
0.1,1e-06,37,22.631763275249583,"tensor(4.7573, dtype=torch.float64)",62.03702675911688,tensor(7.8764)
0.1,1e-06,38,21.185696185601724,"tensor(4.6028, dtype=torch.float64)",54.06136571207354,tensor(7.3526)
0.1,1e-06,39,21.15365598137314,"tensor(4.5993, dtype=torch.float64)",47.571920764061716,tensor(6.8972)
0.1,1e-06,40,20.834622356053945,"tensor(4.5645, dtype=torch.float64)",42.15823158141105,tensor(6.4929)
0.1,1e-06,41,22.01013480650412,"tensor(4.6915, dtype=torch.float64)",263.6707040417579,tensor(16.2379)
0.1,1e-06,42,19.87726385657852,"tensor(4.4584, dtype=torch.float64)",25.606176376342773,tensor(5.0603)
0.1,1e-06,43,21.453927181862497,"tensor(4.6318, dtype=torch.float64)",49.35494924360706,tensor(7.0253)
0.1,1e-06,44,19.791254975344685,"tensor(4.4487, dtype=torch.float64)",50.162283089853105,tensor(7.0825)
0.1,1e-06,45,20.62815474175118,"tensor(4.5418, dtype=torch.float64)",34.77011319129698,tensor(5.8966)
0.1,1e-06,46,19.980172076096405,"tensor(4.4699, dtype=torch.float64)",30.881886059238063,tensor(5.5571)
0.1,1e-06,47,20.0267761604206,"tensor(4.4751, dtype=torch.float64)",72.62712315590151,tensor(8.5222)
0.1,1e-06,48,19.35496193009454,"tensor(4.3994, dtype=torch.float64)",17.211980612047256,tensor(4.1487)
0.1,1e-06,49,19.266948041400394,"tensor(4.3894, dtype=torch.float64)",17.371029253928892,tensor(4.1679)
0.1,1e-05,0,34.330515239045425,"tensor(5.8592, dtype=torch.float64)",33.43808555603027,tensor(5.7826)
0.1,1e-05,1,21.28112287907987,"tensor(4.6131, dtype=torch.float64)",36.85646124039927,tensor(6.0710)
0.1,1e-05,2,20.425398287902006,"tensor(4.5194, dtype=torch.float64)",41.5557000483236,tensor(6.4464)
0.1,1e-05,3,21.020387607007414,"tensor(4.5848, dtype=torch.float64)",30.74332179561738,tensor(5.5447)
0.1,1e-05,4,20.113830222310245,"tensor(4.4848, dtype=torch.float64)",28.79872372842604,tensor(5.3664)
0.1,1e-05,5,20.42914840852892,"tensor(4.5199, dtype=torch.float64)",35.22864810112984,tensor(5.9354)
0.1,1e-05,6,20.91193447241912,"tensor(4.5730, dtype=torch.float64)",93.03830851277998,tensor(9.6456)
0.1,1e-05,7,20.41194835353542,"tensor(4.5180, dtype=torch.float64)",43.37938019537157,tensor(6.5863)
0.1,1e-05,8,20.78053297738771,"tensor(4.5586, dtype=torch.float64)",26.102391719818115,tensor(5.1090)
0.1,1e-05,9,21.2158477229041,"tensor(4.6061, dtype=torch.float64)",56.85352310057609,tensor(7.5401)
0.1,1e-05,10,20.809380359907408,"tensor(4.5617, dtype=torch.float64)",29.903023381387033,tensor(5.4684)
0.1,1e-05,11,20.15916391321131,"tensor(4.4899, dtype=torch.float64)",79.51807905012562,tensor(8.9173)
0.1,1e-05,12,20.840337188823803,"tensor(4.5651, dtype=torch.float64)",49.06198020135203,tensor(7.0044)
0.1,1e-05,13,20.674230053618146,"tensor(4.5469, dtype=torch.float64)",34.98965884024097,tensor(5.9152)
0.1,1e-05,14,21.093709019068125,"tensor(4.5928, dtype=torch.float64)",45.192009833551225,tensor(6.7225)
0.1,1e-05,15,20.766614671655603,"tensor(4.5570, dtype=torch.float64)",27.680847475605628,tensor(5.2613)
0.1,1e-05,16,20.446609691671423,"tensor(4.5218, dtype=torch.float64)",47.284111930478005,tensor(6.8763)
0.1,1e-05,17,20.62006155091363,"tensor(4.5409, dtype=torch.float64)",27.4432494871078,tensor(5.2386)
0.1,1e-05,18,20.028281385834152,"tensor(4.4753, dtype=torch.float64)",106.52109455293224,tensor(10.3209)
0.1,1e-05,19,19.948326684333182,"tensor(4.4664, dtype=torch.float64)",54.0833169721788,tensor(7.3541)
0.1,1e-05,20,21.00674056877961,"tensor(4.5833, dtype=torch.float64)",89.93672883126044,tensor(9.4835)
0.1,1e-05,21,19.917279064333115,"tensor(4.4629, dtype=torch.float64)",60.15943837934925,tensor(7.7563)
0.1,1e-05,22,19.73786003009693,"tensor(4.4427, dtype=torch.float64)",44.182247846357285,tensor(6.6470)
0.1,1e-05,23,20.956527347822448,"tensor(4.5778, dtype=torch.float64)",183.20768891611408,tensor(13.5354)
0.1,1e-05,24,20.372021422515044,"tensor(4.5135, dtype=torch.float64)",39.8880610312185,tensor(6.3157)
0.1,1e-05,25,20.425980053721247,"tensor(4.5195, dtype=torch.float64)",26.431761633965277,tensor(5.1412)
0.1,1e-05,26,20.564558014998564,"tensor(4.5348, dtype=torch.float64)",66.91612668191233,tensor(8.1802)
0.1,1e-05,27,19.44732406848186,"tensor(4.4099, dtype=torch.float64)",232.4633607556743,tensor(15.2467)
0.1,1e-05,28,20.772894229115668,"tensor(4.5577, dtype=torch.float64)",50.342282887428034,tensor(7.0952)
0.1,1e-05,29,19.685894940350508,"tensor(4.4369, dtype=torch.float64)",88.61750896515385,tensor(9.4137)
0.1,1e-05,30,21.69473132442784,"tensor(4.6578, dtype=torch.float64)",77.77857558957992,tensor(8.8192)
0.1,1e-05,31,19.552774114866516,"tensor(4.4219, dtype=torch.float64)",75.92167339017314,tensor(8.7133)
0.1,1e-05,32,21.140106940913846,"tensor(4.5978, dtype=torch.float64)",194.93164920806885,tensor(13.9618)
0.1,1e-05,33,19.591003144753945,"tensor(4.4262, dtype=torch.float64)",55.09229812314433,tensor(7.4224)
0.1,1e-05,34,19.6570679406862,"tensor(4.4336, dtype=torch.float64)",129.6048489232217,tensor(11.3844)
0.1,1e-05,35,19.851057754980552,"tensor(4.4555, dtype=torch.float64)",29.535815685026108,tensor(5.4347)
0.1,1e-05,36,19.62673266256178,"tensor(4.4302, dtype=torch.float64)",263.17134980232487,tensor(16.2226)
0.1,1e-05,37,19.376538432611003,"tensor(4.4019, dtype=torch.float64)",71.57403290656305,tensor(8.4601)
0.1,1e-05,38,19.349677140003926,"tensor(4.3988, dtype=torch.float64)",49.47744684834634,tensor(7.0340)
0.1,1e-05,39,20.01891624089834,"tensor(4.4743, dtype=torch.float64)",34.22570976134269,tensor(5.8503)
0.1,1e-05,40,19.942214978707803,"tensor(4.4657, dtype=torch.float64)",177.0564121123283,tensor(13.3063)
0.1,1e-05,41,20.037544640979252,"tensor(4.4763, dtype=torch.float64)",73.1096095577363,tensor(8.5504)
0.1,1e-05,42,18.951205587387086,"tensor(4.3533, dtype=torch.float64)",34.18494282999346,tensor(5.8468)
0.1,1e-05,43,19.352045649451178,"tensor(4.3991, dtype=torch.float64)",27.102069827818102,tensor(5.2060)
0.1,1e-05,44,19.007295426806888,"tensor(4.3597, dtype=torch.float64)",29.119520410414665,tensor(5.3963)
0.1,1e-05,45,18.999275121173344,"tensor(4.3588, dtype=torch.float64)",80.725410046116,tensor(8.9847)
0.1,1e-05,46,19.11734588468397,"tensor(4.3723, dtype=torch.float64)",30.06814529049781,tensor(5.4834)
0.1,1e-05,47,19.28645746385729,"tensor(4.3916, dtype=torch.float64)",39.8104511691678,tensor(6.3096)
0.1,1e-05,48,18.804313427693135,"tensor(4.3364, dtype=torch.float64)",83.84437920970302,tensor(9.1567)
0.1,1e-05,49,20.121583792969986,"tensor(4.4857, dtype=torch.float64)",87.59347687998125,tensor(9.3591)
0.1,0.0001,0,43.65425127648019,"tensor(6.6071, dtype=torch.float64)",38.697966452567805,tensor(6.2208)
0.1,0.0001,1,24.190082934096054,"tensor(4.9183, dtype=torch.float64)",36.32835495856501,tensor(6.0273)
0.1,0.0001,2,24.22114705781679,"tensor(4.9215, dtype=torch.float64)",65.57056325481784,tensor(8.0976)
0.1,0.0001,3,23.917019746110245,"tensor(4.8905, dtype=torch.float64)",54.10572427318942,tensor(7.3557)
0.1,0.0001,4,24.881301162049578,"tensor(4.9881, dtype=torch.float64)",85.22713042074635,tensor(9.2319)
0.1,0.0001,5,23.91284987733171,"tensor(4.8901, dtype=torch.float64)",46.85874598641549,tensor(6.8453)
0.1,0.0001,6,24.586406295363968,"tensor(4.9585, dtype=torch.float64)",28562.327203566027,tensor(169.0039)
0.1,0.0001,7,24.302354543273513,"tensor(4.9297, dtype=torch.float64)",80.354552853492,tensor(8.9641)
0.1,0.0001,8,24.697173474286053,"tensor(4.9696, dtype=torch.float64)",54.43183252888341,tensor(7.3778)
0.1,0.0001,9,25.109306643460247,"tensor(5.0109, dtype=torch.float64)",61.539570039318455,tensor(7.8447)
0.1,0.0001,10,23.824444858447926,"tensor(4.8810, dtype=torch.float64)",240.21454285037132,tensor(15.4989)
0.1,0.0001,11,24.304833234323038,"tensor(4.9300, dtype=torch.float64)",83.3979432505946,tensor(9.1322)
0.1,0.0001,12,24.340168797003255,"tensor(4.9336, dtype=torch.float64)",151.08420175121677,tensor(12.2916)
0.1,0.0001,13,24.009667084668134,"tensor(4.9000, dtype=torch.float64)",321.53832620190036,tensor(17.9315)
0.1,0.0001,14,25.791420310252423,"tensor(5.0785, dtype=torch.float64)",45.90008408792557,tensor(6.7750)
0.1,0.0001,15,25.618804524395916,"tensor(5.0615, dtype=torch.float64)",1697.1837940831338,tensor(41.1969)
0.1,0.0001,16,24.425442851556316,"tensor(4.9422, dtype=torch.float64)",59.418198493219194,tensor(7.7083)
0.1,0.0001,17,25.53730722633568,"tensor(5.0534, dtype=torch.float64)",102.62933854133853,tensor(10.1306)
0.1,0.0001,18,23.800094301636154,"tensor(4.8785, dtype=torch.float64)",47.06661155146937,tensor(6.8605)
0.1,0.0001,19,24.743124314900992,"tensor(4.9742, dtype=torch.float64)",54.57290917058145,tensor(7.3873)
0.1,0.0001,20,25.08205015337145,"tensor(5.0082, dtype=torch.float64)",26.468733502972512,tensor(5.1448)
0.1,0.0001,21,25.965988414352005,"tensor(5.0957, dtype=torch.float64)",43.128424798288655,tensor(6.5672)
0.1,0.0001,22,26.17526865263243,"tensor(5.1162, dtype=torch.float64)",85.39976492235738,tensor(9.2412)
0.1,0.0001,23,26.566761431822904,"tensor(5.1543, dtype=torch.float64)",248.4434864290299,tensor(15.7621)
0.1,0.0001,24,24.171098345679205,"tensor(4.9164, dtype=torch.float64)",36.19456028169201,tensor(6.0162)
0.1,0.0001,25,25.53146275443,"tensor(5.0529, dtype=torch.float64)",156.1401980923068,tensor(12.4956)
0.1,0.0001,26,24.78246228630478,"tensor(4.9782, dtype=torch.float64)",39.07552436859377,tensor(6.2510)
0.1,0.0001,27,25.094392526471935,"tensor(5.0094, dtype=torch.float64)",59.25443683132048,tensor(7.6977)
0.1,0.0001,28,24.066893522159475,"tensor(4.9058, dtype=torch.float64)",24.940746838046657,tensor(4.9941)
0.1,0.0001,29,25.24727211256285,"tensor(5.0247, dtype=torch.float64)",43.173368946198494,tensor(6.5706)
0.1,0.0001,30,23.579527407723504,"tensor(4.8559, dtype=torch.float64)",60.48663634638633,tensor(7.7773)
0.1,0.0001,31,23.933328857937376,"tensor(4.8922, dtype=torch.float64)",59.49875360919583,tensor(7.7135)
0.1,0.0001,32,25.350622759638608,"tensor(5.0349, dtype=torch.float64)",130.81015522249282,tensor(11.4372)
0.1,0.0001,33,23.97906258557294,"tensor(4.8968, dtype=torch.float64)",153.8698862906425,tensor(12.4044)
0.1,0.0001,34,26.86165647377839,"tensor(5.1828, dtype=torch.float64)",20.464087067111844,tensor(4.5237)
0.1,0.0001,35,24.26191579200126,"tensor(4.9256, dtype=torch.float64)",154456.7064819336,tensor(393.0098)
0.1,0.0001,36,23.949395251918485,"tensor(4.8938, dtype=torch.float64)",130.277390726151,tensor(11.4139)
0.1,0.0001,37,24.30129079174351,"tensor(4.9296, dtype=torch.float64)",33.61725005026786,tensor(5.7980)
0.1,0.0001,38,23.45011235829946,"tensor(4.8425, dtype=torch.float64)",177.259219631072,tensor(13.3139)
0.1,0.0001,39,24.205620135487738,"tensor(4.9199, dtype=torch.float64)",42.59801215510215,tensor(6.5267)
0.1,0.0001,40,24.613340466731305,"tensor(4.9612, dtype=torch.float64)",226.26401882786905,tensor(15.0421)
0.1,0.0001,41,25.139657092738798,"tensor(5.0139, dtype=torch.float64)",47.74107768458705,tensor(6.9095)
0.1,0.0001,42,25.860863693340406,"tensor(5.0854, dtype=torch.float64)",83.60776485935334,tensor(9.1437)
0.1,0.0001,43,23.905102213008984,"tensor(4.8893, dtype=torch.float64)",183.16966469057144,tensor(13.5340)
0.1,0.0001,44,24.02227417713887,"tensor(4.9013, dtype=torch.float64)",50.89489318478492,tensor(7.1341)
0.1,0.0001,45,23.32225443608052,"tensor(4.8293, dtype=torch.float64)",50.20849209447061,tensor(7.0858)
0.1,0.0001,46,26.337792303755478,"tensor(5.1320, dtype=torch.float64)",658.3262484150548,tensor(25.6579)
0.1,0.0001,47,25.198251481958337,"tensor(5.0198, dtype=torch.float64)",29.596063344709336,tensor(5.4402)
0.1,0.0001,48,24.131153806480203,"tensor(4.9123, dtype=torch.float64)",52.61677443596624,tensor(7.2537)
0.1,0.0001,49,29.534355017945572,"tensor(5.4346, dtype=torch.float64)",43.51866826703471,tensor(6.5969)
0.1,0.001,0,50.89957765373024,"tensor(7.1344, dtype=torch.float64)",75.34489419383388,tensor(8.6801)
0.1,0.001,1,29.545045587178823,"tensor(5.4355, dtype=torch.float64)",162.6714689808507,tensor(12.7543)
0.1,0.001,2,34.018352292035075,"tensor(5.8325, dtype=torch.float64)",140.41174665574104,tensor(11.8495)
0.1,0.001,3,36.54454372251356,"tensor(6.0452, dtype=torch.float64)",66.31408317627445,tensor(8.1433)
0.1,0.001,4,37.38213485769323,"tensor(6.1141, dtype=torch.float64)",143.14221422133906,tensor(11.9642)
0.1,0.001,5,35.3775114317198,"tensor(5.9479, dtype=torch.float64)",257.8299030796174,tensor(16.0571)
0.1,0.001,6,38.238110818089666,"tensor(6.1837, dtype=torch.float64)",412.15433083811115,tensor(20.3016)
0.1,0.001,7,40.813740794723095,"tensor(6.3886, dtype=torch.float64)",462.4813466225901,tensor(21.5054)
0.1,0.001,8,35.72989388027707,"tensor(5.9774, dtype=torch.float64)",117.57885582216325,tensor(10.8434)
0.1,0.001,9,36.64516149211574,"tensor(6.0535, dtype=torch.float64)",99.20056310776741,tensor(9.9599)
0.1,0.001,10,37.47421418525077,"tensor(6.1216, dtype=torch.float64)",73.6417579343242,tensor(8.5815)
0.1,0.001,11,39.01912924792315,"tensor(6.2465, dtype=torch.float64)",92.65827329697147,tensor(9.6259)
0.1,0.001,12,38.161530863272176,"tensor(6.1775, dtype=torch.float64)",93.98473133579377,tensor(9.6946)
0.1,0.001,13,39.66651396880279,"tensor(6.2981, dtype=torch.float64)",92.18586806328067,tensor(9.6013)
0.1,0.001,14,39.46258573016605,"tensor(6.2819, dtype=torch.float64)",89.86802424153974,tensor(9.4799)
0.1,0.001,15,41.43898427035357,"tensor(6.4373, dtype=torch.float64)",209.8723763496645,tensor(14.4870)
0.1,0.001,16,39.932660229141646,"tensor(6.3192, dtype=torch.float64)",326.96109944005167,tensor(18.0821)
0.1,0.001,17,40.307708897461765,"tensor(6.3488, dtype=torch.float64)",483.71394658857776,tensor(21.9935)
0.1,0.001,18,38.438395525958086,"tensor(6.1999, dtype=torch.float64)",116.1632920234434,tensor(10.7779)
0.1,0.001,19,39.68932671933561,"tensor(6.2999, dtype=torch.float64)",193.74408832673103,tensor(13.9192)
0.1,0.001,20,38.177667738940265,"tensor(6.1788, dtype=torch.float64)",399.3091316838418,tensor(19.9827)
0.1,0.001,21,39.00052102320903,"tensor(6.2450, dtype=torch.float64)",66.98419660137546,tensor(8.1844)
0.1,0.001,22,40.184789374067975,"tensor(6.3391, dtype=torch.float64)",74.87568206171835,tensor(8.6531)
0.1,0.001,23,39.10618825860926,"tensor(6.2535, dtype=torch.float64)",139.84471616437358,tensor(11.8256)
0.1,0.001,24,38.734640812229465,"tensor(6.2237, dtype=torch.float64)",282.5250114317863,tensor(16.8085)
0.1,0.001,25,36.79499780551807,"tensor(6.0659, dtype=torch.float64)",52318.037038495466,tensor(228.7314)
0.1,0.001,26,39.74895328831028,"tensor(6.3047, dtype=torch.float64)",306.9069132958689,tensor(17.5188)
0.1,0.001,27,40.059645054791424,"tensor(6.3293, dtype=torch.float64)",247.6840290561799,tensor(15.7380)
0.1,0.001,28,39.07205286283751,"tensor(6.2508, dtype=torch.float64)",86.20228379772556,tensor(9.2845)
0.1,0.001,29,38.583376905080435,"tensor(6.2116, dtype=torch.float64)",130.17192231455158,tensor(11.4093)
0.1,0.001,30,39.11576623401126,"tensor(6.2543, dtype=torch.float64)",91.24369193661597,tensor(9.5522)
0.1,0.001,31,44.84351606111269,"tensor(6.6965, dtype=torch.float64)",119.58156478020453,tensor(10.9353)
0.1,0.001,32,39.742586870451234,"tensor(6.3042, dtype=torch.float64)",71.11893143192414,tensor(8.4332)
0.1,0.001,33,38.797804376241324,"tensor(6.2288, dtype=torch.float64)",100.23971160765618,tensor(10.0120)
0.1,0.001,34,39.05571978543256,"tensor(6.2495, dtype=torch.float64)",5191943.923387097,tensor(2278.5837)
0.1,0.001,35,37.59673459594314,"tensor(6.1316, dtype=torch.float64)",59.12456444771059,tensor(7.6892)
0.1,0.001,36,40.149654762164964,"tensor(6.3364, dtype=torch.float64)",198.25420416555096,tensor(14.0803)
0.1,0.001,37,39.7589938705032,"tensor(6.3055, dtype=torch.float64)",56206188.5,tensor(7497.0786)
0.1,0.001,38,41.85370301684818,"tensor(6.4694, dtype=torch.float64)",111.86727162330381,tensor(10.5767)
0.1,0.001,39,42.680865615123025,"tensor(6.5331, dtype=torch.float64)",161.96467871819772,tensor(12.7265)
0.1,0.001,40,38.808653184529895,"tensor(6.2297, dtype=torch.float64)",83.26273401321903,tensor(9.1248)
0.1,0.001,41,38.68604955415468,"tensor(6.2198, dtype=torch.float64)",144.62042866983722,tensor(12.0258)
0.1,0.001,42,40.597739683615195,"tensor(6.3716, dtype=torch.float64)",69.82306434262183,tensor(8.3560)
0.1,0.001,43,39.34634913367194,"tensor(6.2727, dtype=torch.float64)",107.92941013459236,tensor(10.3889)
0.1,0.001,44,39.35642303002847,"tensor(6.2735, dtype=torch.float64)",126190.048828125,tensor(355.2324)
0.1,0.001,45,40.132158434068835,"tensor(6.3350, dtype=torch.float64)",134.58213375460716,tensor(11.6010)
0.1,0.001,46,39.0085379445875,"tensor(6.2457, dtype=torch.float64)",99.95603475263042,tensor(9.9978)
0.1,0.001,47,39.90836368766991,"tensor(6.3173, dtype=torch.float64)",66.80029326100504,tensor(8.1731)
0.1,0.001,48,36.94285561845109,"tensor(6.0781, dtype=torch.float64)",169.7148056876275,tensor(13.0275)
0.1,0.001,49,37.73676860396927,"tensor(6.1430, dtype=torch.float64)",326.7534537776824,tensor(18.0763)
